-- phpMyAdmin SQL Dump
-- version 5.2.0
-- https://www.phpmyadmin.net/
--
-- 主機： 127.0.0.1:3306
-- 產生時間： 2023-10-02 08:44:38
-- 伺服器版本： 8.0.31
-- PHP 版本： 8.0.26

SET SQL_MODE = "NO_AUTO_VALUE_ON_ZERO";
START TRANSACTION;
SET time_zone = "+00:00";


/*!40101 SET @OLD_CHARACTER_SET_CLIENT=@@CHARACTER_SET_CLIENT */;
/*!40101 SET @OLD_CHARACTER_SET_RESULTS=@@CHARACTER_SET_RESULTS */;
/*!40101 SET @OLD_COLLATION_CONNECTION=@@COLLATION_CONNECTION */;
/*!40101 SET NAMES utf8mb4 */;

--
-- 資料庫： `musemusic`
--

-- --------------------------------------------------------

--
-- 資料表結構 `admin_acc`
--

DROP TABLE IF EXISTS `admin_acc`;
CREATE TABLE IF NOT EXISTS `admin_acc` (
  `admin_id` int NOT NULL AUTO_INCREMENT,
  `name` varchar(10) CHARACTER SET utf8mb4 COLLATE utf8mb4_0900_ai_ci DEFAULT NULL,
  `acc` varchar(25) CHARACTER SET utf8mb4 COLLATE utf8mb4_0900_ai_ci NOT NULL,
  `admin_psw` varchar(25) CHARACTER SET utf8mb4 COLLATE utf8mb4_0900_ai_ci NOT NULL,
  PRIMARY KEY (`admin_id`),
  UNIQUE KEY `acc` (`acc`),
  UNIQUE KEY `acc_2` (`acc`),
  UNIQUE KEY `admin_psw` (`admin_psw`)
) ENGINE=InnoDB AUTO_INCREMENT=4 DEFAULT CHARSET=utf8mb4 COLLATE=utf8mb4_0900_ai_ci COMMENT='管理員帳號';

--
-- 傾印資料表的資料 `admin_acc`
--

INSERT INTO `admin_acc` (`admin_id`, `name`, `acc`, `admin_psw`) VALUES
(1, 'test', 'test', '12345'),
(2, '管理員2號', 'admin2', '678901'),
(3, '管理員3號', 'admin3', '123123');

-- --------------------------------------------------------

--
-- 資料表結構 `album`
--

DROP TABLE IF EXISTS `album`;
CREATE TABLE IF NOT EXISTS `album` (
  `alb_id` int NOT NULL AUTO_INCREMENT,
  `alb_name` varchar(50) DEFAULT NULL,
  `alb_intro` varchar(300) DEFAULT NULL,
  `alb_img` varchar(25) DEFAULT NULL,
  `upload_date` datetime DEFAULT CURRENT_TIMESTAMP,
  `update_date` datetime DEFAULT CURRENT_TIMESTAMP ON UPDATE CURRENT_TIMESTAMP,
  `mem_id` int NOT NULL,
  `share_num` int DEFAULT '0',
  PRIMARY KEY (`alb_id`),
  KEY `mem_id` (`mem_id`)
) ENGINE=InnoDB AUTO_INCREMENT=11 DEFAULT CHARSET=utf8mb4 COLLATE=utf8mb4_0900_ai_ci COMMENT='專輯';

--
-- 傾印資料表的資料 `album`
--

INSERT INTO `album` (`alb_id`, `alb_name`, `alb_intro`, `alb_img`, `upload_date`, `update_date`, `mem_id`, `share_num`) VALUES
(1, '夢境探索', '《夢境探索》將聽眾帶入迷離的音樂夢境，結合鮮明的吉他旋律與深沉的歌詞，成為樂迷心中的音樂迷宮。', '1.jpg', '2023-09-30 00:03:17', '2023-09-30 00:03:17', 4, 0),
(2, '狂放不羈', '《狂放不羈》融合龐克精神與搖滾狂熱，充滿衝擊力的音樂風格讓人熱血沸騰。', '2.jpg', '2023-09-30 00:03:17', '2023-09-30 00:03:17', 7, 0),
(3, 'Faded', '《Faded》是一張音樂之旅的專輯，它融合了夢幻、神秘和永恆的主題。這五首歌曲帶領聽眾穿越時空，探索浪漫、冒險和城市的多重層面。每一首歌曲都如同一個故事章節，營造出情感豐富且充滿質感的音樂體驗。', '3.jpg', '2023-09-30 00:03:17', '2023-09-30 00:03:17', 5, 0),
(4, '家族の微笑み', '「家族の微笑み」是一張充滿了溫馨和深刻情感的日文音樂專輯，它融合了五首歌曲，每一首歌都深刻地探討了家庭成員之間的情感紐帶。這張專輯旨在讓聽眾回顧和欣賞家庭中的愛和團結，以及那些特別的時刻，這些時刻經常被忙碌的生活所掩蓋。歌曲以深情的旋律和溫暖的歌詞將家人之間的情感展現得淋漓盡致，每一首歌都是一段關於愛、理解和支持的故事。「家族の微笑み」專輯希望能夠成為你在家庭中的音樂伴侶，每一次聆聽都能讓你更加珍惜這個溫馨的家。无论是在家中的寧靜時刻還是與家人共度時光，這張專輯都將為你營造一個感人至深的音樂體驗，將愛和團結的力量帶入你的生活。', '4.jpg', '2023-09-30 00:03:17', '2023-09-30 00:03:17', 6, 0),
(5, 'FAMILY', 'FAMILY是SHANee第二張專輯，延續第一章家族の微笑み，又再推出一系列與家人相關的歌曲', '5.jpg', '2023-09-30 00:03:17', '2023-09-30 00:03:17', 6, 0),
(6, '감정의 조화', '「감정의 조화」（Emotional Harmony）是一張充滿情感多樣性的韓文音樂專輯，專輯旨在為聽眾呈現生活中各種情感的豐富性，並希望這些歌曲能夠引發共鳴，陪伴你度過不同的情感時刻。從傷心的淚水到快樂的歡笑，再到為夢想不懈努力的瞬間，以及愛情的深刻體驗，這張專輯將情感之旅呈現得淋漓盡致。讓「감정의 조화」專輯成為你的情感音樂旅程，隨著歌曲的節奏感受生活的各種情感，並找到情感的和諧之處。', '6.jpg', '2023-09-30 00:03:17', '2023-09-30 00:03:17', 2, 0),
(7, 'butter', '整張專輯清爽有如夏天的蘇打水，給你全新不同感受', '7.jpg', '2023-09-30 00:03:17', '2023-09-30 00:03:17', 1, 0),
(8, '夏天火鍋', '夏天吃火鍋，冬天吃冰，這張專輯就是這麼顛覆你的想像', '8.jpg', '2023-09-30 00:03:17', '2023-09-30 00:03:17', 1, 0),
(9, '藍色', '我是一隻魚，好想成為一條魚。每個人或多或少都會幻想一些不可能做到的事，這是一張關於白日夢的專輯，紀錄我曾經做的夢。', '9.jpg', '2023-09-30 00:03:17', '2023-09-30 00:03:17', 1, 0),
(10, '有個念頭', '《有個念頭》是綜合沙發馬鈴薯的一系列歌曲，每首歌背後都有一個有趣的故事', '10.jpg', '2023-09-30 00:03:17', '2023-09-30 00:03:17', 3, 0);

-- --------------------------------------------------------

--
-- 資料表結構 `alb_rank`
--

DROP TABLE IF EXISTS `alb_rank`;
CREATE TABLE IF NOT EXISTS `alb_rank` (
  `rank_id` int NOT NULL AUTO_INCREMENT,
  `alb_id` int DEFAULT NULL,
  PRIMARY KEY (`rank_id`),
  KEY `alb_id` (`alb_id`)
) ENGINE=InnoDB AUTO_INCREMENT=11 DEFAULT CHARSET=utf8mb4 COLLATE=utf8mb4_0900_ai_ci COMMENT='專輯排行榜';

--
-- 傾印資料表的資料 `alb_rank`
--

INSERT INTO `alb_rank` (`rank_id`, `alb_id`) VALUES
(6, 1),
(1, 2),
(4, 3),
(3, 4),
(7, 5),
(8, 6),
(10, 7),
(9, 8),
(2, 9),
(5, 10);

-- --------------------------------------------------------

--
-- 資料表結構 `carousel`
--

DROP TABLE IF EXISTS `carousel`;
CREATE TABLE IF NOT EXISTS `carousel` (
  `car_id` int NOT NULL AUTO_INCREMENT,
  `name` varchar(10) DEFAULT NULL,
  `img` varchar(25) DEFAULT NULL,
  `link` varchar(100) DEFAULT NULL,
  `update_time` datetime DEFAULT CURRENT_TIMESTAMP ON UPDATE CURRENT_TIMESTAMP,
  PRIMARY KEY (`car_id`)
) ENGINE=InnoDB AUTO_INCREMENT=6 DEFAULT CHARSET=utf8mb4 COLLATE=utf8mb4_0900_ai_ci COMMENT='輪播資訊';

--
-- 傾印資料表的資料 `carousel`
--

INSERT INTO `carousel` (`car_id`, `name`, `img`, `link`, `update_time`) VALUES
(1, '歌曲推薦', '1.jpg', 'https://tibamef2e.com/chd103/g2/home/singlemusic?q=4', NULL),
(2, '專輯推薦', '2.jpg', 'https://tibamef2e.com/chd103/g2/home/singlealbum', NULL),
(3, '歌單推薦', '3.jpg', 'https://tibamef2e.com/chd103/g2/home/singlesonglist?q=2', NULL),
(4, '歌手推薦', '4.jpg', 'http://localhost:8080/home/profilepage', NULL),
(5, '排行榜推薦', '5.jpg', 'https://tibamef2e.com/chd103/g2/home/ranking', NULL);

-- --------------------------------------------------------

--
-- 資料表結構 `cre_fol`
--

DROP TABLE IF EXISTS `cre_fol`;
CREATE TABLE IF NOT EXISTS `cre_fol` (
  `mem_id` int NOT NULL,
  `cre_id` int NOT NULL,
  PRIMARY KEY (`mem_id`,`cre_id`),
  KEY `cre_id` (`cre_id`)
) ENGINE=InnoDB DEFAULT CHARSET=utf8mb4 COLLATE=utf8mb4_0900_ai_ci COMMENT='創作者追蹤';

-- --------------------------------------------------------

--
-- 資料表結構 `faq`
--

DROP TABLE IF EXISTS `faq`;
CREATE TABLE IF NOT EXISTS `faq` (
  `faq_id` int NOT NULL AUTO_INCREMENT,
  `que` varchar(30) DEFAULT NULL,
  `ans` varchar(200) DEFAULT NULL,
  `short_ans` varchar(50) DEFAULT NULL,
  `keyword` varchar(30) DEFAULT NULL,
  PRIMARY KEY (`faq_id`)
) ENGINE=InnoDB AUTO_INCREMENT=11 DEFAULT CHARSET=utf8mb4 COLLATE=utf8mb4_0900_ai_ci COMMENT='常見問題';

--
-- 傾印資料表的資料 `faq`
--

INSERT INTO `faq` (`faq_id`, `que`, `ans`, `short_ans`, `keyword`) VALUES
(1, '上傳音樂要付錢嗎？', '上傳音樂作品到MUSE平台讓樂迷聆聽是完全免費的！\r\n只要點擊導覽列小頭像，登入或註冊成為會員，即可免費上傳作品。', '只要擁有會員，即可免費上傳作品到MUSE平台。', '上傳付錢收費'),
(2, '要怎麼上傳音樂？', '音樂上傳的頁面在「會員專區」裡的「個人頁面管理」，進到頁面後點選「歌曲上傳」即可進行上傳！\r\n音樂上傳後需要待管理員審核(1~3天)，經審核後作品就會在平台上線，供樂迷聆聽。', '「會員專區」裡的「個人頁面管理」，進到頁面後點選「歌曲上傳」即可進行上傳。', '上傳'),
(3, '上傳的音樂檔案有規定的格式嗎？', '上傳的檔案須為 MP3 (MPEG-1 Audio Layer-3) 編碼格式，且位元率至少需為 192 kbit/s；\r\n如作品為 WAV / WMA / MP4 等其他編碼格式，需先自行使用轉檔軟體進行轉檔。', '上傳的檔案須為 MP3格式，如作品為其他編碼格式，需自行進行轉檔。', '上傳格式'),
(4, '可以上傳翻唱的作品嗎？', '上傳的作品必須是你或你所屬團體的原創性作品。\r\n音樂作品中若包含他人的著作則需取得合法授權，亦須遵守MUSE之使用條款。', '上傳的作品必須是你或你所屬團體的原創性作品。', '上傳翻唱原創'),
(5, '為什麼無法上傳音樂？', '1.你的網頁瀏覽器可能需要更新，請確認瀏覽器為最新版本。\r\n2.嘗試在隱私 / 無痕模式視窗中操作，排除瀏覽器外掛 / 擴充功能的干擾。\r\n3.如若仍無法解決問題，可填寫表單獲得協助。', '請確認瀏覽器為最新版本，或嘗試在隱私 / 無痕模式視窗中操作。也可填寫表單獲得協助。', '上傳無法錯誤'),
(6, '音樂上傳後會不會被拿去賣錢？', 'MUSE平台為音樂人社群平台，作品僅會使用於推廣使用，不會把創作者的作品賣掉喔！', '作品僅只用於推廣，不會進行販售。', '賣錢販售'),
(7, '所有人都可以收聽我的作品嗎？', '只要是經過管理員審核的作品，就會公開在MUSE平台上，所有聽眾都可以輕鬆收聽！', '經過管理員審核後，即公開於平台上供免費聆聽。', '收聽資格'),
(8, '我的最愛跟建立歌單有什麼差別？', '我的最愛屬於預設歌單，只要樂迷按「愛心」該首音樂就會加入我的最愛。\r\n建立歌單則是樂迷可以依照喜好創建個人歌單，只要樂迷按「+」建立歌單並加入歌曲，即可將喜歡的歌曲們加入到該歌單中。\r\n在「會員專區」裡的「我的最愛歌曲」及「我的歌單」可詳閱清單和內容歌曲。', '我的最愛屬於預設歌單，建立歌單則是樂迷可以依照喜好創建個人歌單。皆可在會員專區中查看。', '我的最愛建立歌單'),
(9, '所有人都可以上傳音樂嗎？', '作品只要是你或你所屬團體的原創性作品，每一位使用者皆可以到「會員專區」裡的「個人頁面管理」上傳音樂！\r\n音樂上傳後需要待管理員審核(1~3天)，經審核後作品就會在平台上線，供樂迷聆聽。', '只要擁有會員，即可免費上傳作品到MUSE平台。', '上傳資格'),
(10, '如果有人在我的音樂底下留不當言論可以怎麼處理？', '可以點選該則留言後方的「…」，再點擊檢舉按鈕，並輸入相關內容送出，\r\n管理員會再審核該則留言是否不當，經確認屬實會移除該則留言。', '可以點選該則留言後方的「…」，再點選檢舉按鈕，即可輸入相關內容進行檢舉。', '不當言論留言檢舉');

-- --------------------------------------------------------

--
-- 資料表結構 `fav`
--

DROP TABLE IF EXISTS `fav`;
CREATE TABLE IF NOT EXISTS `fav` (
  `mem_id` int NOT NULL,
  `s_id` int NOT NULL,
  PRIMARY KEY (`mem_id`,`s_id`),
  KEY `s_id` (`s_id`)
) ENGINE=InnoDB DEFAULT CHARSET=utf8mb4 COLLATE=utf8mb4_0900_ai_ci COMMENT='我的最愛';

-- --------------------------------------------------------

--
-- 資料表結構 `member`
--

DROP TABLE IF EXISTS `member`;
CREATE TABLE IF NOT EXISTS `member` (
  `mem_id` int NOT NULL AUTO_INCREMENT,
  `mem_name` varchar(10) DEFAULT NULL,
  `mem_acc` varchar(100) CHARACTER SET utf8mb4 COLLATE utf8mb4_0900_ai_ci NOT NULL,
  `mem_psw` varchar(100) DEFAULT NULL,
  `email` varchar(100) DEFAULT NULL,
  `bind_acc` varchar(100) DEFAULT NULL,
  `stat` tinyint(1) DEFAULT '1',
  `county` varchar(10) DEFAULT NULL,
  `intro` varchar(100) DEFAULT NULL,
  `mem_pic` varchar(25) DEFAULT NULL,
  `cover_pic` varchar(25) DEFAULT NULL,
  `privacy` tinyint(1) DEFAULT '1',
  `r_date` datetime DEFAULT CURRENT_TIMESTAMP,
  `mem_aka` varchar(10) DEFAULT NULL,
  `social_media` varchar(100) DEFAULT NULL,
  `fol_num` int DEFAULT '0',
  PRIMARY KEY (`mem_id`),
  UNIQUE KEY `mem_acc` (`mem_acc`)
) ENGINE=InnoDB AUTO_INCREMENT=11 DEFAULT CHARSET=utf8mb4 COLLATE=utf8mb4_0900_ai_ci;

--
-- 傾印資料表的資料 `member`
--

INSERT INTO `member` (`mem_id`, `mem_name`, `mem_acc`, `mem_psw`, `email`, `bind_acc`, `stat`, `county`, `intro`, `mem_pic`, `cover_pic`, `privacy`, `r_date`, `mem_aka`, `social_media`, `fol_num`) VALUES
(1, '廖芋泥', 'test@musemail.com', '123456', 'test@musemail.com', NULL, 1, '基隆市', '我的音樂作品融合了各種風格，歌曲充滿情感和故事性，我也一直在勇敢探索音樂的邊界！希望帶給你們嶄新的音樂體驗，歡迎追蹤我💖', '1-1.jpg', '1-2.jpg', 1, '2023-09-29 23:47:14', '廖芋泥', NULL, 0),
(2, '김기범(Kim ki', 'kimki@musemail.com', '123456', 'kimki@musemail.com', NULL, 1, '新北市', '\"喜歡唱歌，可以叫我Kimki👻\r\n愛顧家的巨蟹座，追蹤我，趕快來聽我唱歌，咕吉咕吉😜\"', '2-1.jpg', '2-2.jpg', 1, '2023-09-29 23:59:37', '김기범(Kim ki', NULL, 0),
(3, '沙發馬鈴薯', 'potato@musemail.com', '123456', 'potato@musemail.com', NULL, 1, '屏東縣', '我們喜歡窩在沙發一整天，三把吉他、兩包薯片、一隻狗，美好的的星期天下午', '3-1.jpg', '3-2.jpg', 1, '2023-09-29 23:59:37', '沙發馬鈴薯', NULL, 0),
(4, '造夢人', 'dream@musemail.com', '123456', 'dream@musemail.com', NULL, 1, '桃園市', '我不擅長說話，我只愛作夢，還有我用音樂說故事', '4-1.jpg', '4-2.jpg', 1, '2023-09-29 23:59:37', '造夢人', NULL, 0),
(5, 'zoko', 'zoko@musemail.com', '123456', 'zoko@musemail.com', NULL, 1, '新北市', '出生於台灣新北市新莊區，自饒舌團體「711day」發跡，發表多首團體作品後，於2020開始以個人活動發行多首創作單曲並攻佔音源榜排行冠軍， 同時成為各大校園以及商演活動熱門邀約人選，於一年間累積近百場', '5-1.jpg', '5-2.jpg', 1, '2023-09-29 23:59:37', 'zoko', NULL, 0),
(6, 'SHANee', 'shaneeshine@musemail.com', '123456', 'shaneeshine@musemail.com', NULL, 1, '台北市', '改編自「Shine」名詞型，語尾再加上「ee」組合而成的新名詞，具有「受光芒照耀之人」的意義。意旨SHANee獲得閃光燈及鎂光燈的照耀，懷抱著以追求多樣的音樂，吸引不同年齡層的歌迷的抱負。', '6-1.jpg', '6-2.jpg', 1, '2023-09-29 23:59:37', 'SHANee', NULL, 0),
(7, 'KRUMP狂樂團', 'KRUMP@musemail.com', '123456', 'KRUMP@musemail.com', NULL, 1, '台東縣', 'KRUMP成立於2019年，擅長龐克搖滾風格', '7-1.jpg', '7-2.jpg', 1, '2023-09-29 23:59:37', 'KRUMP狂樂團', NULL, 0),
(8, '醉心吉他', 'guitar@musemail.com', '123456', 'guitar@musemail.com', NULL, 1, '台北市', '成立於2018年夏天，擅長用音樂與你談情說愛，主打風格：經典藍調', '8-1.jpg', '8-2.jpg', 1, '2023-09-29 23:59:37', '醉心吉他', NULL, 0),
(9, '托比', 'tobytoby@musemail.com', '123456', 'tobytoby@musemail.com', '', 1, '高雄市', '逼哩逼哩，聽歌請填登記表，托比托比', '9-1.jpg', '9-2.jpg', 1, '2023-09-29 23:59:37', '托比', NULL, 0),
(10, '大象', 'elep@musemail.com', '123456', 'elep@musemail.com', NULL, 1, '南投縣', '追蹤我!!! 你同意嗎', '10-1.jpg', '10-2.jpg', 1, '2023-09-29 23:59:37', '大象', NULL, 0);

-- --------------------------------------------------------

--
-- 資料表結構 `msg`
--

DROP TABLE IF EXISTS `msg`;
CREATE TABLE IF NOT EXISTS `msg` (
  `msg_id` int NOT NULL AUTO_INCREMENT,
  `mem_id` int DEFAULT NULL,
  `s_id` int DEFAULT NULL,
  `msg_con` varchar(100) DEFAULT NULL,
  `msg_date` datetime DEFAULT CURRENT_TIMESTAMP,
  `msg_like` int DEFAULT NULL,
  PRIMARY KEY (`msg_id`),
  KEY `mem_id` (`mem_id`),
  KEY `s_id` (`s_id`)
) ENGINE=InnoDB AUTO_INCREMENT=9 DEFAULT CHARSET=utf8mb4 COLLATE=utf8mb4_0900_ai_ci COMMENT='歌曲留言';

--
-- 傾印資料表的資料 `msg`
--

INSERT INTO `msg` (`msg_id`, `mem_id`, `s_id`, `msg_con`, `msg_date`, `msg_like`) VALUES
(1, 1, 6, '這首歌好棒! 完全唱出我的心聲', '2023-05-08 13:42:43', 2),
(2, 2, 6, '已分享，好好聽!!', '2023-06-22 13:42:43', 3),
(3, 3, 6, '最喜歡zoko的歌聲了~~~ 好療癒人心', '2023-08-16 13:58:20', 8),
(4, 4, 6, 'zoko讚讚', '2023-08-23 13:58:20', 3),
(5, 9, 6, '終於出新歌了!!!!! 好開心', '2023-08-09 13:58:20', 3),
(6, 7, 6, '好好聽~~~~', '2023-09-13 13:58:20', 1),
(7, 8, 6, '這首歌陪我度過美好的夜晚!', '2023-09-12 13:58:20', 1),
(8, 5, 6, '這首歌太屌拉~~', '2023-10-02 14:51:34', NULL);

-- --------------------------------------------------------

--
-- 資料表結構 `msg_rep`
--

DROP TABLE IF EXISTS `msg_rep`;
CREATE TABLE IF NOT EXISTS `msg_rep` (
  `msgrep_id` int NOT NULL AUTO_INCREMENT,
  `mem_id` int DEFAULT NULL,
  `msg_id` int NOT NULL,
  `rep_rsn` varchar(100) DEFAULT NULL,
  `rep_date` datetime DEFAULT CURRENT_TIMESTAMP,
  PRIMARY KEY (`msgrep_id`),
  KEY `mem_id` (`mem_id`),
  KEY `msg_id` (`msg_id`)
) ENGINE=InnoDB AUTO_INCREMENT=2 DEFAULT CHARSET=utf8mb4 COLLATE=utf8mb4_0900_ai_ci COMMENT='檢舉歌曲留言';

--
-- 傾印資料表的資料 `msg_rep`
--

INSERT INTO `msg_rep` (`msgrep_id`, `mem_id`, `msg_id`, `rep_rsn`, `rep_date`) VALUES
(1, 10, 8, '有不禮貌的詞出現', '2023-10-02 14:51:56');

-- --------------------------------------------------------

--
-- 資料表結構 `music_cat`
--

DROP TABLE IF EXISTS `music_cat`;
CREATE TABLE IF NOT EXISTS `music_cat` (
  `mcat_id` int NOT NULL AUTO_INCREMENT,
  `mcat_name` varchar(15) DEFAULT NULL,
  `mcat_type` tinyint DEFAULT NULL,
  PRIMARY KEY (`mcat_id`)
) ENGINE=InnoDB AUTO_INCREMENT=31 DEFAULT CHARSET=utf8mb4 COLLATE=utf8mb4_0900_ai_ci COMMENT='音樂類別';

--
-- 傾印資料表的資料 `music_cat`
--

INSERT INTO `music_cat` (`mcat_id`, `mcat_name`, `mcat_type`) VALUES
(1, '日語', 0),
(2, '韓語', 0),
(3, '華語', 0),
(4, '西洋', 0),
(5, '其他語言', 0),
(6, '流行音樂', 1),
(7, '獨立音樂', 1),
(8, '嘻哈', 1),
(9, '搖滾', 1),
(10, '藍調', 1),
(11, '爵士', 1),
(12, '古典', 1),
(13, '快樂', 2),
(14, '傷心', 2),
(15, '輕鬆', 2),
(16, '舒眠', 2),
(17, '專注', 2),
(18, '運動', 2),
(19, '派對', 2);

-- --------------------------------------------------------

--
-- 資料表結構 `news`
--

DROP TABLE IF EXISTS `news`;
CREATE TABLE IF NOT EXISTS `news` (
  `news_id` int NOT NULL AUTO_INCREMENT,
  `singer` varchar(30) NOT NULL,
  `news_name` varchar(30) NOT NULL,
  `news_date` date NOT NULL,
  `news_place` varchar(50) NOT NULL,
  `news_update` datetime NOT NULL DEFAULT CURRENT_TIMESTAMP ON UPDATE CURRENT_TIMESTAMP,
  `news_con` varchar(200) NOT NULL,
  `news_pic` varchar(25) NOT NULL,
  `news_area` varchar(10) NOT NULL,
  PRIMARY KEY (`news_id`)
) ENGINE=InnoDB AUTO_INCREMENT=31 DEFAULT CHARSET=utf8mb4 COLLATE=utf8mb4_0900_ai_ci COMMENT='音樂快訊';

--
-- 傾印資料表的資料 `news`
--

INSERT INTO `news` (`news_id`, `singer`, `news_name`, `news_date`, `news_place`, `news_update`, `news_con`, `news_pic`, `news_area`) VALUES
(1, '醉心吉他', '絕音の醉心之夜', '2023-04-16', '台北市・後台 Backstage Café', '2023-10-02 16:35:26', '\"沉浸在音樂的奇妙之夜！\r\n\"\"醉心吉他\"\"樂團將為您帶來一場絕妙的音樂之夜，將音樂的力量傳遞到每一位觀眾的心靈深處。這將是一個獨一無二的音樂體驗，讓您可以沉浸在美妙的吉他旋律中。\r\n演唱會亮點：\r\n\r\n🎸 吉他獨奏表演： \"\"醉心吉他\"\"樂團的吉他手將獻上精彩的獨奏表演，展示他們的技巧和激情。\r\n\r\n🎶 現場音樂體驗：感受現場音樂的魔力，與樂團一起共鳴，一同探索音樂的世界。\r\n\r\n🌟 特別嘉賓：', '1.jpg', '北部'),
(2, '造夢人', '\"造夢人\" 夢幻之夜', '2023-04-28', '台北市・THE WALL 公館', '2023-10-02 16:35:26', '\"夢想與音樂交織的瞬間！\r\n\"\"造夢人\"\"樂團將在夢幻之夜的演唱會上為您帶來一場音樂奇幻之旅。這將是一個充滿音樂和夢想的夜晚，讓您沉浸在美妙的音樂旋律中，一同追逐夢想。\r\n演唱會亮點：\r\n\r\n🎶 音樂與夢想： \"\"造夢人\"\"樂團將現場演奏他們最令人難忘的歌曲，將您帶入夢想的世界。\r\n\r\n🌌 夢幻視覺效果：我們將呈現令人驚艷的視覺效果，打造夢幻氛圍，讓您感受音樂的奇幻。\r\n\r\n🌟 特別嘉賓：演唱會將', '2.jpg', '北部'),
(3, '嗜夢行者', '嗜夢行者 2023年創作專場', '2023-05-17', '台北市・女巫店', '2023-10-02 16:35:26', '\"準備好踏上音樂的奇幻之旅了嗎？\r\n\r\n\"\"嗜夢行者\"\"樂團將在音樂奇幻之旅的演唱會上為您帶來一場令人難以置信的音樂冒險。這將是一個充滿音樂和夢想的夜晚，讓您沉浸在音樂的魔法中，一同穿越音樂的奇幻世界。\r\n\r\n演唱會亮點：\r\n\r\n🎶 音樂冒險： \"\"嗜夢行者\"\"樂團將現場演奏他們最令人著迷的音樂，帶您進入音樂的奇幻世界。\r\n\r\n🌌 視覺效果奇觀：我們將呈現令人驚艷的視覺效果，打造奇幻的氛圍，讓您沉', '3.jpg', '北部'),
(4, '沙發馬鈴薯', '沙發馬鈴薯音樂之夜', '2023-06-27', '台北市・Revolver', '2023-10-02 16:35:26', '\"準備好迎接最夯樂團的音樂狂歡嗎？沙發馬鈴薯來了！\r\n夢幻的音樂，令人興奮的現場表演，以及不可思議的能量即將在本月降臨。我們誠摯邀請您參加\"\"沙發馬鈴薯音樂之夜\"\"，這將是一個音樂界不容錯過的盛事。\r\n活動亮點：\r\n\r\n🎵 現場音樂表演：準備好在沙發馬鈴薯的音樂中沉醉嗎？他們將為您帶來最令人難以忘懷的現場演出。\r\n\r\n🎉 音樂派對氛圍：我們將營造出一個瘋狂的音樂派對氛圍，您可以與朋友一起享受音樂，', '4.jpg', '北部'),
(5, '烈焰行進者', '𝗥𝗢𝗖𝗞 𝗜𝗡 𝗧𝗔𝗜𝗖𝗛𝗨𝗡𝗚', '2023-07-31', '台北市・傳音樂展演空間', '2023-10-02 16:35:26', '\"準備好擁抱搖滾的力量了嗎？\r\n\"\"烈焰行進者\"\" 樂團將在 𝗥𝗢𝗖𝗞 𝗜𝗡 𝗧𝗔𝗜𝗖𝗛𝗨𝗡𝗚 演唱會上為您帶來一場搖滾音樂的狂歡！這將是一個充滿音樂熱情、汗水和熱血的夜晚，無論您是搖滾音樂愛好者還是新手，都不容錯過！\r\n活動亮點：\r\n\r\n🎸 現場搖滾音樂：\"\"烈焰行進者\"\" 樂團將帶來現場演出，演奏他們最受歡迎的搖滾歌曲，讓您沉浸在音樂的狂熱中。\r\n\r\n🎤 特別嘉賓：我們還將邀請一些特別的嘉賓樂', '5.jpg', '北部'),
(6, '憂鬱藍調', '憂鬱藍調音樂之夜', '2023-08-18', '台北市・傳音樂展演空間', '2023-10-02 16:35:26', '\"深情的吉他和深沉的情感，來自\"\"憂鬱藍調\"\"的音樂之夜！\r\n\"\"憂鬱藍調\"\"樂團將為您帶來一場音樂之夜，深情、細膩，讓您沉浸在藍調音樂的魅力中。我們誠摯邀請您參加這個音樂之旅，一同感受音樂的力量。\r\n活動亮點：\r\n\r\n🎶 深情藍調音樂：\"\"憂鬱藍調\"\"將在現場演奏他們最令人心碎的藍調歌曲，讓您沉浸在音樂的海洋中。\r\n\r\n🎸 現場音樂表演：感受樂團的現場演出，每一個音符都充滿情感，讓您沉醉其中。\r', '6.jpg', '北部'),
(7, 'KRUMP狂樂團', '音樂秋令營', '2023-08-26', '台北市・Revolver', '2023-10-02 16:35:26', '\"音樂的季節來了！一場屬於\"\"KRUMP狂樂團\"\"的音樂秋令營等著你。\r\n我們誠摯邀請您加入我們的音樂秋令營，一個充滿音樂和歡樂的週末。\"\"KRUMP狂樂團\"\"將為您帶來充滿活力和激情的音樂表演，以及一系列令人興奮的音樂體驗。\r\n活動亮點：\r\n\r\n🎶 \"\"KRUMP狂樂團\"\"現場演出：準備好感受他們獨特的音樂風格了嗎？他們將帶來引人入勝的音樂表演，讓您沉浸在音樂的魅力中。\r\n\r\n🥁 音樂工作坊：參', '7.jpg', '北部'),
(8, '沙發馬鈴薯', '沙發馬鈴薯音樂之夜', '2023-09-12', '臺北市・樂悠悠之口 光復南', '2023-10-02 16:36:34', '\"準備好迎接最夯樂團的音樂狂歡嗎？沙發馬鈴薯來了！\r\n夢幻的音樂，令人興奮的現場表演，以及不可思議的能量即將在本月降臨。我們誠摯邀請您參加\"\"沙發馬鈴薯音樂之夜\"\"，這將是一個音樂界不容錯過的盛事。\r\n活動亮點：\r\n\r\n🎵 現場音樂表演：準備好在沙發馬鈴薯的音樂中沉醉嗎？他們將為您帶來最令人難以忘懷的現場演出。\r\n\r\n🎉 音樂派對氛圍：我們將營造出一個瘋狂的音樂派對氛圍，您可以與朋友一起享受音樂，', '8.jpg', '北部'),
(9, '造夢人', '造夢人音樂派對', '2023-09-16', '台北市・Revolver', '2023-10-02 16:36:34', '\"追尋夢想的旅程，這一夜，成為\"\"造夢人\"\"的一部分！\r\n\"\"造夢人\"\"樂團將帶來一場音樂派對，將音樂、熱情和創意結合成一個獨一無二的夜晚。我們誠摯邀請您參加這場音樂之旅，讓我們一起創造夢想！\r\n活動亮點：\r\n\r\n🎵 現場音樂表演：\"\"造夢人\"\"將在舞台上獻上他們最受歡迎的歌曲，讓您沉浸在美妙的音樂世界中。\r\n\r\n✨ 藝術裝置與視覺效果：我們將打造令人驚嘆的視覺效果和藝術裝置，為您帶來獨特的感官體', '9.jpg', '北部'),
(10, '醉心吉他', '醉心吉他 新歌小巡迴', '2023-09-24', '台北市・女巫店', '2023-10-02 16:36:34', '\"音樂之旅的新起點，與\"\"醉心吉他\"\"共創美妙音樂回憶！\r\n\"\"醉心吉他\"\"樂團將啟程展開全新的音樂旅程，為您帶來他們最新的音樂作品。這將是一場精彩的音樂冒險，讓您沉浸在美麗的音樂中，一同見證音樂之旅的新里程碑！\r\n活動亮點：\r\n\r\n🎶 新歌首演：首次聽到\"\"醉心吉他\"\"的全新歌曲，將是一個難忘的時刻。準備好感受新音樂的魅力嗎？\r\n\r\n🎸 現場音樂表演：\"\"醉心吉他\"\"將現場演奏他們最受歡迎的歌曲', '10.jpg', '北部'),
(11, '憂鬱藍調', '憂鬱藍調音樂之夜', '2023-09-30', '台北市・傳音樂展演空間', '2023-10-02 16:40:45', '\"深情的吉他和深沉的情感，來自\"\"憂鬱藍調\"\"的音樂之夜！\r\n\"\"憂鬱藍調\"\"樂團將為您帶來一場音樂之夜，深情、細膩，讓您沉浸在藍調音樂的魅力中。我們誠摯邀請您參加這個音樂之旅，一同感受音樂的力量。\r\n活動亮點：\r\n\r\n🎶 深情藍調音樂：\"\"憂鬱藍調\"\"將在現場演奏他們最令人心碎的藍調歌曲，讓您沉浸在音樂的海洋中。\r\n\r\n🎸 現場音樂表演：感受樂團的現場演出，每一個音符都充滿情感，讓您沉醉其中。\r', '11.jpg', '北部'),
(12, 'KRUMP狂樂團', '音樂秋令營', '2023-10-03', '台北市・Pipe Live Music', '2023-10-02 16:40:45', '\"音樂的季節來了！一場屬於\"\"KRUMP狂樂團\"\"的音樂秋令營等著你。\r\n我們誠摯邀請您加入我們的音樂秋令營，一個充滿音樂和歡樂的週末。\"\"KRUMP狂樂團\"\"將為您帶來充滿活力和激情的音樂表演，以及一系列令人興奮的音樂體驗。\r\n活動亮點：\r\n\r\n🎶 \"\"KRUMP狂樂團\"\"現場演出：準備好感受他們獨特的音樂風格了嗎？他們將帶來引人入勝的音樂表演，讓您沉浸在音樂的魅力中。\r\n\r\n🥁 音樂工作坊：參', '12.jpg', '北部'),
(13, '沙發馬鈴薯', '沙發馬鈴薯音樂之夜', '2023-10-06', '台北市・傳音樂展演空間', '2023-10-02 16:40:45', '\"準備好迎接最夯樂團的音樂狂歡嗎？沙發馬鈴薯來了！\r\n夢幻的音樂，令人興奮的現場表演，以及不可思議的能量即將在本月降臨。我們誠摯邀請您參加\"\"沙發馬鈴薯音樂之夜\"\"，這將是一個音樂界不容錯過的盛事。\r\n活動亮點：\r\n\r\n🎵 現場音樂表演：準備好在沙發馬鈴薯的音樂中沉醉嗎？他們將為您帶來最令人難以忘懷的現場演出。\r\n\r\n🎉 音樂派對氛圍：我們將營造出一個瘋狂的音樂派對氛圍，您可以與朋友一起享受音樂，', '13.jpg', '北部'),
(14, '嗜夢行者', 'LIVE HOUSE巡迴', '2023-10-14', '台北市・Revolver', '2023-10-02 16:40:45', '\"準備好迎接\"\"嗜夢行者\"\"的音樂力量了嗎？\r\n\"\"嗜夢行者\"\"樂團將展開一場激動人心的巡迴演唱會，將音樂的魔力帶到每一個現場音樂館。這將是一個音樂之旅，讓您可以沉浸在現場音樂的激情和能量中。\r\n活動亮點：\r\n\r\n🎶 現場音樂饗宴：\"\"嗜夢行者\"\"將現場演奏他們最受歡迎的歌曲，為您帶來一場無與倫比的音樂體驗。\r\n\r\n🏢 LIVE HOUSE巡迴：我們將走訪多個知名的LIVE HOUSE，讓您可以在', '14.jpg', '北部'),
(15, '造夢人', '浪漫台北演唱會', '2023-10-26', '台北市・Revolver', '2023-10-02 16:40:45', '\"讓音樂引領愛情的節拍，一場浪漫之夜即將降臨！\r\n\"\"造夢人\"\"樂團將帶您進入一個浪漫的音樂世界，這將是一場音樂之夜，專為那些熱愛音樂和愛情的人而設。讓我們一同沉浸在濃情蜜意的音樂中，共譜浪漫的故事。\r\n活動亮點：\r\n\r\n🎶 現場音樂表演：\"\"造夢人\"\"將現場演奏他們最浪漫的歌曲，讓您感受音樂的魔力。\r\n\r\n🕯️ 浪漫氛圍：我們將營造一個浪漫的氛圍，星光璀璨、蠟燭點亮，讓您可以與愛人一起享受美好時', '15.jpg', '北部'),
(16, '憂鬱藍調', '憂鬱藍調音樂之夜', '2023-11-12', '台北市・Pipe Live Music', '2023-10-02 16:40:45', '\"深情的吉他和深沉的情感，來自\"\"憂鬱藍調\"\"的音樂之夜！\r\n\"\"憂鬱藍調\"\"樂團將為您帶來一場音樂之夜，深情、細膩，讓您沉浸在藍調音樂的魅力中。我們誠摯邀請您參加這個音樂之旅，一同感受音樂的力量。\r\n活動亮點：\r\n\r\n🎶 深情藍調音樂：\"\"憂鬱藍調\"\"將在現場演奏他們最令人心碎的藍調歌曲，讓您沉浸在音樂的海洋中。\r\n\r\n🎸 現場音樂表演：感受樂團的現場演出，每一個音符都充滿情感，讓您沉醉其中。\r', '16.jpg', '北部'),
(17, 'KRUMP狂樂團', '音樂秋令營', '2023-11-24', '台北市・傳音樂展演空間', '2023-10-02 16:40:45', '\"音樂的季節來了！一場屬於\"\"KRUMP狂樂團\"\"的音樂秋令營等著你。\r\n我們誠摯邀請您加入我們的音樂秋令營，一個充滿音樂和歡樂的週末。\"\"KRUMP狂樂團\"\"將為您帶來充滿活力和激情的音樂表演，以及一系列令人興奮的音樂體驗。\r\n活動亮點：\r\n\r\n🎶 \"\"KRUMP狂樂團\"\"現場演出：準備好感受他們獨特的音樂風格了嗎？他們將帶來引人入勝的音樂表演，讓您沉浸在音樂的魅力中。\r\n\r\n🥁 音樂工作坊：參', '17.jpg', '北部'),
(18, '沙發馬鈴薯', '沙發馬鈴薯音樂之夜', '2023-12-11', '台北市・Revolver', '2023-10-02 16:40:45', '\"準備好迎接最夯樂團的音樂狂歡嗎？沙發馬鈴薯來了！\r\n夢幻的音樂，令人興奮的現場表演，以及不可思議的能量即將在本月降臨。我們誠摯邀請您參加\"\"沙發馬鈴薯音樂之夜\"\"，這將是一個音樂界不容錯過的盛事。\r\n活動亮點：\r\n\r\n🎵 現場音樂表演：準備好在沙發馬鈴薯的音樂中沉醉嗎？他們將為您帶來最令人難以忘懷的現場演出。\r\n\r\n🎉 音樂派對氛圍：我們將營造出一個瘋狂的音樂派對氛圍，您可以與朋友一起享受音樂，', '18.jpg', '北部'),
(19, '造夢人', '造夢人音樂派對', '2023-12-13', '台北市・傳音樂展演空間', '2023-10-02 16:40:45', '\"追尋夢想的旅程，這一夜，成為\"\"造夢人\"\"的一部分！\r\n\"\"造夢人\"\"樂團將帶來一場音樂派對，將音樂、熱情和創意結合成一個獨一無二的夜晚。我們誠摯邀請您參加這場音樂之旅，讓我們一起創造夢想！\r\n活動亮點：\r\n\r\n🎵 現場音樂表演：\"\"造夢人\"\"將在舞台上獻上他們最受歡迎的歌曲，讓您沉浸在美妙的音樂世界中。\r\n\r\n✨ 藝術裝置與視覺效果：我們將打造令人驚嘆的視覺效果和藝術裝置，為您帶來獨特的感官體', '19.jpg', '北部'),
(20, '醉心吉他', '醉心吉他 新歌小巡迴', '2023-04-16', '臺中市・左邊音樂展演空間', '2023-10-02 16:40:45', '\"音樂之旅的新起點，與\"\"醉心吉他\"\"共創美妙音樂回憶！\r\n\"\"醉心吉他\"\"樂團將啟程展開全新的音樂旅程，為您帶來他們最新的音樂作品。這將是一場精彩的音樂冒險，讓您沉浸在美麗的音樂中，一同見證音樂之旅的新里程碑！\r\n活動亮點：\r\n\r\n🎶 新歌首演：首次聽到\"\"醉心吉他\"\"的全新歌曲，將是一個難忘的時刻。準備好感受新音樂的魅力嗎？\r\n\r\n🎸 現場音樂表演：\"\"醉心吉他\"\"將現場演奏他們最受歡迎的歌曲', '20.jpg', '中部'),
(21, '造夢人', '浪漫台中演唱會', '2023-05-23', '台中市・Legacy Taichung', '2023-10-02 16:44:20', '\"讓音樂引領愛情的節拍，一場浪漫之夜即將降臨！\r\n\"\"造夢人\"\"樂團將帶您進入一個浪漫的音樂世界，這將是一場音樂之夜，專為那些熱愛音樂和愛情的人而設。讓我們一同沉浸在濃情蜜意的音樂中，共譜浪漫的故事。\r\n活動亮點：\r\n\r\n🎶 現場音樂表演：\"\"造夢人\"\"將現場演奏他們最浪漫的歌曲，讓您感受音樂的魔力。\r\n\r\n🕯️ 浪漫氛圍：我們將營造一個浪漫的氛圍，星光璀璨、蠟燭點亮，讓您可以與愛人一起享受美好時', '21.jpg', '中部'),
(22, '烈焰行進者', '𝗥𝗢𝗖𝗞 𝗜𝗡 𝗧𝗔𝗜𝗖𝗛𝗨𝗡𝗚', '2023-06-28', '', '2023-10-02 16:44:20', '\"準備好擁抱搖滾的力量了嗎？\r\n\"\"烈焰行進者\"\" 樂團將在 𝗥𝗢𝗖𝗞 𝗜𝗡 𝗧𝗔𝗜𝗖𝗛𝗨𝗡𝗚 演唱會上為您帶來一場搖滾音樂的狂歡！這將是一個充滿音樂熱情、汗水和熱血的夜晚，無論您是搖滾音樂愛好者還是新手，都不容錯過！\r\n活動亮點：\r\n\r\n🎸 現場搖滾音樂：\"\"烈焰行進者\"\" 樂團將帶來現場演出，演奏他們最受歡迎的搖滾歌曲，讓您沉浸在音樂的狂熱中。\r\n\r\n🎤 特別嘉賓：我們還將邀請一些特別的嘉賓樂', '22.jpg', '中部'),
(23, '憂鬱藍調', '憂鬱藍調音樂之夜', '2023-07-18', '臺中市・左邊音樂展演空間', '2023-10-02 16:44:20', '\"深情的吉他和深沉的情感，來自\"\"憂鬱藍調\"\"的音樂之夜！\r\n\"\"憂鬱藍調\"\"樂團將為您帶來一場音樂之夜，深情、細膩，讓您沉浸在藍調音樂的魅力中。我們誠摯邀請您參加這個音樂之旅，一同感受音樂的力量。\r\n活動亮點：\r\n\r\n🎶 深情藍調音樂：\"\"憂鬱藍調\"\"將在現場演奏他們最令人心碎的藍調歌曲，讓您沉浸在音樂的海洋中。\r\n\r\n🎸 現場音樂表演：感受樂團的現場演出，每一個音符都充滿情感，讓您沉醉其中。\r', '23.jpg', '中部'),
(24, '造夢人', '浪漫台中演唱會', '2023-08-05', '台中市・Legacy Taichung', '2023-10-02 16:44:20', '\"讓音樂引領愛情的節拍，一場浪漫之夜即將降臨！\r\n\"\"造夢人\"\"樂團將帶您進入一個浪漫的音樂世界，這將是一場音樂之夜，專為那些熱愛音樂和愛情的人而設。讓我們一同沉浸在濃情蜜意的音樂中，共譜浪漫的故事。\r\n活動亮點：\r\n\r\n🎶 現場音樂表演：\"\"造夢人\"\"將現場演奏他們最浪漫的歌曲，讓您感受音樂的魔力。\r\n\r\n🕯️ 浪漫氛圍：我們將營造一個浪漫的氛圍，星光璀璨、蠟燭點亮，讓您可以與愛人一起享受美好時', '24.jpg', '中部'),
(25, '烈焰行進者', '𝗥𝗢𝗖𝗞 𝗜𝗡 𝗧𝗔𝗜𝗖𝗛𝗨𝗡𝗚', '2023-08-17', '台灣・福大祿昌展演空間', '2023-10-02 16:44:20', '\"準備好擁抱搖滾的力量了嗎？\r\n\"\"烈焰行進者\"\" 樂團將在 𝗥𝗢𝗖𝗞 𝗜𝗡 𝗧𝗔𝗜𝗖𝗛𝗨𝗡𝗚 演唱會上為您帶來一場搖滾音樂的狂歡！這將是一個充滿音樂熱情、汗水和熱血的夜晚，無論您是搖滾音樂愛好者還是新手，都不容錯過！\r\n活動亮點：\r\n\r\n🎸 現場搖滾音樂：\"\"烈焰行進者\"\" 樂團將帶來現場演出，演奏他們最受歡迎的搖滾歌曲，讓您沉浸在音樂的狂熱中。\r\n\r\n🎤 特別嘉賓：我們還將邀請一些特別的嘉賓樂', '25.jpg', '中部'),
(26, '醉心吉他', '醉心吉他 新歌小巡迴', '2023-09-16', '台中市・Legacy Taichung', '2023-10-02 16:44:20', '\"音樂之旅的新起點，與\"\"醉心吉他\"\"共創美妙音樂回憶！\r\n\"\"醉心吉他\"\"樂團將啟程展開全新的音樂旅程，為您帶來他們最新的音樂作品。這將是一場精彩的音樂冒險，讓您沉浸在美麗的音樂中，一同見證音樂之旅的新里程碑！\r\n活動亮點：\r\n\r\n🎶 新歌首演：首次聽到\"\"醉心吉他\"\"的全新歌曲，將是一個難忘的時刻。準備好感受新音樂的魅力嗎？\r\n\r\n🎸 現場音樂表演：\"\"醉心吉他\"\"將現場演奏他們最受歡迎的歌曲', '26.jpg', '中部'),
(27, '憂鬱藍調', '憂鬱藍調音樂之夜', '2023-09-21', '臺中市・左邊音樂展演空間', '2023-10-02 16:44:20', '\"深情的吉他和深沉的情感，來自\"\"憂鬱藍調\"\"的音樂之夜！\r\n\"\"憂鬱藍調\"\"樂團將為您帶來一場音樂之夜，深情、細膩，讓您沉浸在藍調音樂的魅力中。我們誠摯邀請您參加這個音樂之旅，一同感受音樂的力量。\r\n活動亮點：\r\n\r\n🎶 深情藍調音樂：\"\"憂鬱藍調\"\"將在現場演奏他們最令人心碎的藍調歌曲，讓您沉浸在音樂的海洋中。\r\n\r\n🎸 現場音樂表演：感受樂團的現場演出，每一個音符都充滿情感，讓您沉醉其中。\r', '27.jpg', '中部'),
(28, '嗜夢行者', 'LIVE HOUSE巡迴', '2023-10-14', '台中市・Legacy Taichung', '2023-10-02 16:44:20', '\"準備好迎接\"\"嗜夢行者\"\"的音樂力量了嗎？\r\n\"\"嗜夢行者\"\"樂團將展開一場激動人心的巡迴演唱會，將音樂的魔力帶到每一個現場音樂館。這將是一個音樂之旅，讓您可以沉浸在現場音樂的激情和能量中。\r\n活動亮點：\r\n\r\n🎶 現場音樂饗宴：\"\"嗜夢行者\"\"將現場演奏他們最受歡迎的歌曲，為您帶來一場無與倫比的音樂體驗。\r\n\r\n🏢 LIVE HOUSE巡迴：我們將走訪多個知名的LIVE HOUSE，讓您可以在', '28.jpg', '中部'),
(29, 'KRUMP狂樂團', '音樂秋令營', '2023-11-24', '臺中市・迴響音樂藝文展演空間', '2023-10-02 16:44:20', '\"音樂的季節來了！一場屬於\"\"KRUMP狂樂團\"\"的音樂秋令營等著你。\r\n我們誠摯邀請您加入我們的音樂秋令營，一個充滿音樂和歡樂的週末。\"\"KRUMP狂樂團\"\"將為您帶來充滿活力和激情的音樂表演，以及一系列令人興奮的音樂體驗。\r\n活動亮點：\r\n\r\n🎶 \"\"KRUMP狂樂團\"\"現場演出：準備好感受他們獨特的音樂風格了嗎？他們將帶來引人入勝的音樂表演，讓您沉浸在音樂的魅力中。\r\n\r\n🥁 音樂工作坊：參', '29.jpg', '中部'),
(30, '造夢人', '浪漫台中演唱會', '2023-12-03', '臺中市・迴響音樂藝文展演空間', '2023-10-02 16:44:20', '\"讓音樂引領愛情的節拍，一場浪漫之夜即將降臨！\r\n\"\"造夢人\"\"樂團將帶您進入一個浪漫的音樂世界，這將是一場音樂之夜，專為那些熱愛音樂和愛情的人而設。讓我們一同沉浸在濃情蜜意的音樂中，共譜浪漫的故事。\r\n活動亮點：\r\n\r\n🎶 現場音樂表演：\"\"造夢人\"\"將現場演奏他們最浪漫的歌曲，讓您感受音樂的魔力。\r\n\r\n🕯️ 浪漫氛圍：我們將營造一個浪漫的氛圍，星光璀璨、蠟燭點亮，讓您可以與愛人一起享受美好時', '30.jpg', '中部');

-- --------------------------------------------------------

--
-- 資料表結構 `news_fo`
--

DROP TABLE IF EXISTS `news_fo`;
CREATE TABLE IF NOT EXISTS `news_fo` (
  `mem_id` int NOT NULL,
  `news_id` int NOT NULL,
  PRIMARY KEY (`mem_id`,`news_id`),
  KEY `news_id` (`news_id`)
) ENGINE=InnoDB DEFAULT CHARSET=utf8mb4 COLLATE=utf8mb4_0900_ai_ci COMMENT='音樂快訊追蹤';

-- --------------------------------------------------------

--
-- 資料表結構 `orders`
--

DROP TABLE IF EXISTS `orders`;
CREATE TABLE IF NOT EXISTS `orders` (
  `ord_id` int NOT NULL AUTO_INCREMENT,
  `ord_date` datetime DEFAULT NULL,
  `mem_id` int NOT NULL,
  `ord_name` varchar(10) DEFAULT NULL,
  `ord_tel` varchar(10) DEFAULT NULL,
  `ord_add` varchar(50) DEFAULT NULL,
  `ord_pay` varchar(10) DEFAULT NULL,
  `ord_ship` varchar(10) DEFAULT NULL,
  `ord_total_price` int DEFAULT NULL,
  `ord_stat` tinytext,
  PRIMARY KEY (`ord_id`),
  KEY `mem_id` (`mem_id`)
) ENGINE=InnoDB AUTO_INCREMENT=21 DEFAULT CHARSET=utf8mb4 COLLATE=utf8mb4_0900_ai_ci COMMENT='訂單';

--
-- 傾印資料表的資料 `orders`
--

INSERT INTO `orders` (`ord_id`, `ord_date`, `mem_id`, `ord_name`, `ord_tel`, `ord_add`, `ord_pay`, `ord_ship`, `ord_total_price`, `ord_stat`) VALUES
(1, '2023-08-23 15:33:00', 1, '王宥佩', '0921578403', '基隆市仁愛區潭得路8巷2號', '信用卡', '宅配', 790, '5'),
(2, '2023-08-25 19:11:00', 3, '黃喬恩', '0963193758', '高雄市中山區松江路62號12弄2樓', '信用卡', '宅配', 1910, '5'),
(3, '2023-08-28 21:05:00', 7, '邱采潔', '0982316574', '新北市和美區東祥路5號3樓', '信用卡', '宅配', 3070, '5'),
(4, '2023-08-29 06:45:00', 5, '葉雅君', '0932195049', '台東縣太麻里鄉順東路15號', '信用卡', '宅配', 1780, '0'),
(5, '2023-08-29 09:02:00', 6, '王敏原', '0905284994', '台北市東屯區南天路6巷16號', '信用卡', '宅配', 1980, '5'),
(6, '2023-08-29 10:23:00', 2, '陳孜維', '0915384995', '南投縣中正區韶光路6巷112號3樓', '信用卡', '宅配', 1190, '5'),
(7, '2023-08-29 14:51:00', 4, '劉宏韜', '0965293847', '台北市中山西路112巷7號', '信用卡', '宅配', 1190, '5'),
(8, '2023-09-01 18:41:00', 10, '陳俊傑', '0965192840', '新北市東南區崁大路13巷8號', '信用卡', '宅配', 690, '5'),
(9, '2023-09-02 13:33:00', 1, '王宥佩', '0921578403', '基隆市仁愛區潭得路8巷2號', '信用卡', '宅配', 2370, '5'),
(10, '2023-09-03 17:21:00', 9, '廖志明', '0921371995', '屏東縣斗一區水源路55號', '信用卡', '宅配', 4460, '5'),
(11, '2023-09-06 21:12:00', 1, '王宥佩', '0921578403', '基隆市仁愛區潭得路8巷2號', '信用卡', '宅配', 1190, '5'),
(12, '2023-09-07 13:25:00', 2, '陳孜維', '0915384995', '南投縣中正區韶光路6巷112號3樓', '信用卡', '宅配', 1020, '5'),
(13, '2023-09-08 13:12:00', 7, '邱采潔', '0982316574', '新北市和美區東祥路5號3樓', '信用卡', '宅配', 890, '5'),
(14, '2023-09-08 16:22:00', 1, '王宥佩', '0921578403', '基隆市仁愛區潭得路8巷2號', '信用卡', '宅配', 1290, '0'),
(15, '2023-09-12 17:51:00', 1, '王宥佩', '0921578403', '基隆市仁愛區潭得路8巷2號', '信用卡', '宅配', 790, '5'),
(16, '2023-09-15 14:11:00', 9, '廖志明', '0921371995', '屏東縣斗一區水源路55號', '信用卡', '宅配', 1480, '4'),
(17, '2023-09-21 13:21:00', 9, '廖志明', '0921371995', '屏東縣斗一區水源路55號', '信用卡', '宅配', 890, '3'),
(18, '2023-09-22 20:10:00', 1, '王宥佩', '0921578403', '基隆市仁愛區潭得路8巷2號', '信用卡', '宅配', 2480, '2'),
(19, '2023-09-28 18:42:00', 1, '王宥佩', '0921578403', '基隆市仁愛區潭得路8巷2號', '信用卡', '宅配', 4490, '1'),
(20, '2023-09-29 17:55:00', 8, '陳浩然', '0922337485', '桃園市中壢區復興路46號9樓', '信用卡', '宅配', 2180, '1');

-- --------------------------------------------------------

--
-- 資料表結構 `orders_item`
--

DROP TABLE IF EXISTS `orders_item`;
CREATE TABLE IF NOT EXISTS `orders_item` (
  `ord_id` int NOT NULL,
  `prod_id` int NOT NULL,
  `ord_price` int DEFAULT NULL,
  `ord_pcs` int DEFAULT NULL,
  PRIMARY KEY (`ord_id`,`prod_id`),
  KEY `prod_id` (`prod_id`)
) ENGINE=InnoDB DEFAULT CHARSET=utf8mb4 COLLATE=utf8mb4_0900_ai_ci COMMENT='訂單明細';

--
-- 傾印資料表的資料 `orders_item`
--

INSERT INTO `orders_item` (`ord_id`, `prod_id`, `ord_price`, `ord_pcs`) VALUES
(1, 1, 790, 1),
(2, 4, 890, 1),
(2, 6, 1020, 1),
(3, 2, 1190, 1),
(3, 3, 590, 1),
(3, 5, 1290, 1),
(4, 17, 890, 2),
(5, 3, 590, 1),
(5, 20, 1390, 1),
(6, 2, 1190, 1),
(7, 16, 1190, 1),
(8, 14, 690, 1),
(9, 9, 790, 1),
(9, 10, 790, 2),
(10, 2, 1190, 1),
(10, 7, 990, 1),
(10, 15, 890, 1),
(10, 20, 1390, 1),
(11, 2, 1190, 1),
(12, 6, 1020, 1),
(13, 8, 890, 1),
(14, 11, 1290, 1),
(15, 12, 790, 1),
(16, 3, 590, 1),
(16, 8, 890, 1),
(17, 17, 890, 1),
(18, 19, 1090, 1),
(18, 20, 1390, 1),
(19, 5, 1290, 2),
(19, 6, 1020, 1),
(19, 8, 890, 1),
(20, 16, 1190, 1),
(20, 18, 990, 1);

-- --------------------------------------------------------

--
-- 資料表結構 `product`
--

DROP TABLE IF EXISTS `product`;
CREATE TABLE IF NOT EXISTS `product` (
  `prod_id` int NOT NULL AUTO_INCREMENT,
  `type_id` int NOT NULL,
  `prod_name` varchar(25) DEFAULT NULL,
  `prod_singer` varchar(25) DEFAULT NULL,
  `prod_inf` varchar(300) DEFAULT NULL,
  `prod_int` varchar(300) DEFAULT NULL,
  `prod_pic` varchar(25) DEFAULT NULL,
  `prod_price` int DEFAULT NULL,
  `prod_date` datetime DEFAULT CURRENT_TIMESTAMP ON UPDATE CURRENT_TIMESTAMP,
  `show_stat` tinyint(1) DEFAULT NULL,
  PRIMARY KEY (`prod_id`),
  KEY `type_id` (`type_id`)
) ENGINE=InnoDB AUTO_INCREMENT=21 DEFAULT CHARSET=utf8mb4 COLLATE=utf8mb4_0900_ai_ci COMMENT='商品';

--
-- 傾印資料表的資料 `product`
--

INSERT INTO `product` (`prod_id`, `type_id`, `prod_name`, `prod_singer`, `prod_inf`, `prod_int`, `prod_pic`, `prod_price`, `prod_date`, `show_stat`) VALUES
(1, 1, 'Killbeast 黑膠', 'Bling Bling', '● 商品條碼 4710149693495\r\n● 音樂類型 黑膠唱片\r\n● 發行公司 昆拾\r\n● 發行日期 2022/12/02\r\n● 內裝片數 1', 'Killbeast 是一張經典的黑膠唱片，誕生於20世紀50年代，這個時代被譽為音樂的黃金時代。\n這張唱片代表了那個時代的音樂風格和精神，融合了搖滾、爵士和流行音樂元素，創造出無與倫比的聽覺饗宴。\nKillbeast 的音樂充滿了激情和能量，歌曲旋律動聽且富有表現力，歌詞深刻而感人。\n這張唱片為當時的音樂界帶來革命性的變革，成為音樂史上的經典之一，深受樂迷和音樂愛好者的喜愛。\nKillbeast 永遠保留了其不朽的地位，將音樂的美麗傳承給了後代。', 'shop_album1.jpg', 790, '2023-08-05 00:00:00', 1),
(2, 5, '西城男人 專輯', '西城男人', '● 商品條碼 4710149693123\r\n● 音樂類型 專輯\r\n● 發行公司 乾磐\r\n● 發行日期 2022/08/30\r\n● 內裝片數 1', '西城男人專輯於西元2000年問世，捕捉了那個時代的精神和音樂風格。這張專輯融合了多種音樂風格，包括流行、搖滾和放克，帶來了豐富多樣的音樂饗宴。\r\n西城男人這張專輯成為當時音樂界的重要代表之一，廣受樂迷和音樂愛好者喜愛。\r\n西城男人這張專輯為音樂的魅力保留了下來，激勵著新一代音樂創作者和聽眾。', 'shop_album2.jpg', 1190, '2023-08-05 00:00:00', 1),
(3, 2, 'Party Time 錄音帶', 'Gaga', '● 商品條碼 4710149693791\r\n● 音樂類型 錄音帶\r\n● 發行公司 諾恩\r\n● 發行日期 2022/12/08\r\n● 內裝片數 1', 'Party Time 是一張充滿搖滾元素的錄音帶，它代表了音樂界派對搖滾的精髓。\r\n這張錄音帶融合了高度節奏的音樂、電吉他的吶喊和令人難忘的旋律，將聽眾帶入了一個無與倫比的音樂派對體驗。\r\nParty Time 的歌曲充滿了能量和熱情，是讓人跳舞和狂歡的完美聲音軌跡。\r\n這張唱片不僅是音樂的饗宴，還是一個時代的代表，反映了搖滾音樂的無限魅力。\r\n它持續啟發著樂迷和音樂愛好者，在派對和音樂場合中流行不衰。\r\nParty Time 無疑是一個不可或缺的音樂珍寶，帶來無盡的樂趣和快樂。', 'shop_album3.png', 590, '2023-08-05 00:00:00', 1),
(4, 1, 'Rose 黑膠', 'Rose', '● 商品條碼 4710149693887\r\n 音樂類型 黑膠唱片\r\n● 發行公司 乾磐\r\n● 發行日期 2023/02/15\r\n● 內裝片數 1', 'Rose\" 是一張於西元1970年問世的黑膠唱片，當時深受許多紳士的喜愛。\r\n這張唱片代表了那個時代的音樂精髓，融合了搖滾、流行和情歌的元素，呈現出柔美而深情的音樂作品。\r\nRose 的歌曲充滿了浪漫和溫暖，歌手的優美嗓音令人陶醉。這張唱片成為了當時紳士們的心頭好，伴隨著他們的生活和回憶，成為一個永恆的音樂經典。\r\nRose 承載了濃厚的情感和音樂的美麗，至今仍然深受樂迷和音樂愛好者的喜愛，是音樂史上的一個珍寶。\r\n這張唱片是一段美好回憶的象徵，持續啟發著世界各地的音樂愛好者。', 'shop_album4.jpg', 890, '2023-08-05 00:00:00', 1),
(5, 1, 'Over Over 黑膠', 'Happy', '● 商品條碼 4710149693486\r\n● 音樂類型 黑膠唱片\r\n● 發行公司 昆拾\r\n● 發行日期 2023/01/12\r\n● 內裝片數 1', 'Over Over 是一張現代的黑膠唱片，首次問世於西元2000年。這張唱片代表了當時音樂界的進步和多樣性。\r\n它融合了各種音樂風格，包括電子、流行和實驗音樂，為音樂帶來新的聲音和可能性。\r\nOver Over 的音樂充滿了創新和探索，歌曲的製作質量高，充滿了技術和靈感。\r\n這張唱片反映了當時社會和文化的變遷，成為21世紀初音樂的一個重要代表，深受音樂愛好者和收藏家的喜愛。\r\nOver Over 在黑膠唱片的形式中延續了音樂的魅力，將其保存下來，以供後代欣賞和探索。', 'shop_album5.jpg', 1290, '2023-08-05 00:00:00', 1),
(6, 1, 'Blackmage 黑膠', 'Wendy Club', '● 商品條碼 4710149693155\r\n● 音樂類型 黑膠唱片\r\n● 發行公司 乾磐\r\n● 發行日期 2005/02/15\r\n● 內裝片數 1', 'Blackmage 是一張西元2000年問世的黑膠唱片，當時掀起了巨大的熱潮，特別受到許多女生的熱愛。\r\n這張唱片融合了多種音樂風格，包括流行、R&B和嘻哈，呈現出極具現代感的音樂饗宴。\r\nBlackmage 歌曲充滿了情感和真摯，歌手的獨特嗓音讓人難以忘懷。\r\n這張唱片不僅音樂上出色，還反映了當時女性在音樂界的崛起和自信。\r\n它成為了一個時代的象徵，令人陶醉其中，至今仍然備受樂迷珍愛。\r\nBlackmage 彰顯了音樂的魅力，繼續啟發世界各地的音樂愛好者，成為不朽的經典之一。', 'shop_album6.jpg', 1020, '2023-08-09 00:00:00', 1),
(7, 1, 'KKOCK 黑膠', 'Moon', '● 商品條碼 4710149693223\r\n● 音樂類型 黑膠唱片\r\n● 發行公司 艾梵\r\n● 發行日期 2023/01/22\r\n● 內裝片數 1', 'KKOCK 是一張1980年代初期問世的經典黑膠唱片，代表著當時音樂的黃金時代。\r\n這張唱片融合了多種音樂風格，包括流行、搖滾和新浪潮，捕捉了那個時代獨特的聲音和文化氛圍。\r\nKKOCK 的音樂充滿了充沛的活力，歌曲旋律縝密且令人難以忘懷。\r\n它在當時的音樂界引起了轟動，成為許多人心目中的經典之一。\r\n這張唱片承載了那個時代的記憶和情感，至今仍深受樂迷和音樂愛好者的喜愛，是音樂史上的一顆璀璨明珠。\r\nKKOCK 永遠保留了其特殊地位，繼續啟發著音樂界的創作者和聽眾。', 'shop_album7.jpg', 990, '2023-08-09 00:00:00', 1),
(8, 5, 'Bluemage 專輯', 'Yoyo Band', '● 商品條碼 4710149693123\r\n● 音樂類型 專輯\r\n● 發行公司 諾恩\r\n● 發行日期 2022/10/18\r\n● 內裝片數 1', 'Bluemage這是一張充滿藍調音樂風格的專輯，帶你探索音樂的深處。融合了藍調、爵士和流行音樂元素，歌曲情感豐富，旋律線索令人難以忘懷。\r\nBluemage在音樂界引起了廣泛的關注，被譽為現代藍調的代表之一，深受樂迷愛戴。\r\nBluemage這張專輯將藍調音樂的美妙傳遞給了後代，為音樂的傳統提供了新的活力。', 'shop_album8.jpg', 890, '2023-08-09 00:00:00', 1),
(9, 4, 'Cillbeast 專輯', 'Bany', '● 商品條碼 4710149693557\r\n● 音樂類型 專輯\r\n● 發行公司 諾恩\r\n● 發行日期 2022/10/08\r\n● 內裝片數 1', 'Cillbeast誕生於20世紀50年代，這個音樂的黃金時代。這張專輯融合了搖滾、爵士和流行音樂元素，創造出無與倫比的聽覺饗宴。\r\nCillbeast 專輯為當時的音樂界帶來了革命性的變革，成為音樂史上的經典之一，深受樂迷和音樂愛好者的喜愛。\r\nCillbeast永遠保留了其不朽的地位，將音樂的美麗傳承給了後代。', 'shop_album9.jpg', 790, '2023-08-09 00:00:00', 1),
(10, 5, '東城男子 專輯', '東城男子', '● 商品條碼 4710149693678\r\n● 音樂類型 專輯\r\n● 發行公司 昆拾\r\n● 發行日期 2023/03/01\r\n● 內裝片數 1', '東城男子專輯，是一張代表80年代初期音樂的經典黑膠唱片。融合了流行、搖滾和新浪潮的音樂風格，捕捉了當時獨特的聲音和文化氛圍。\r\n東城男子這張專輯在當時音樂界引起轟動，被許多人視為經典之一，深受樂迷和音樂愛好者的喜愛。\r\n東城男子專輯保留了其特殊地位，繼續啟發著音樂界的創作者和聽眾。', 'shop_album10.jpg', 790, '2023-08-09 00:00:00', 1),
(11, 2, 'Sleep Time 錄音帶', 'Lili', '● 商品條碼 4710149693590\r\n● 音樂類型 錄音帶\r\n● 發行公司 諾恩\r\n● 發行日期 2023/05/11\r\n● 內裝片數 1', 'Sleep Time錄音帶，這是一個音樂愛好者的夢幻選擇，讓你享受寧靜的音樂時光。此錄音帶充滿了柔和的音樂，適合在晚上放鬆身心，音樂質量高，充滿了靈感。\r\nSleep Time錄音帶贏得了音樂愛好者的心，成為放鬆和冥想的理想伴侶。\r\nSleep Time錄音帶延續了音樂的魅力，讓人們在夜晚找到平靜和寧靜。', 'shop_album11.jpg', 1290, '2023-08-13 00:00:00', 1),
(12, 4, 'Lisa 專輯', 'Lisa', '● 商品條碼 4710149693211\r\n● 音樂類型 專輯\r\n● 發行公司 艾梵\r\n● 發行日期 2023/02/05\r\n● 內裝片數 1', 'Lisa專輯，這是一張現代音樂的傑作，融合了多種音樂風格和情感。這張專輯充滿了創新和獨特的音樂元素，歌曲充滿深度和情感。\r\nLisa專輯贏得了廣泛的讚譽，被認為是當代音樂的一個重要代表，深受音樂愛好者的喜愛。\r\nLisa這張專輯將音樂的美妙傳遞給了新一代，激勵著音樂創作者和聽眾。', 'shop_album12.jpg', 790, '2023-08-13 00:00:00', 1),
(13, 4, 'Very Very 專輯', 'Yappy', '● 商品條碼 4710149693153\r\n● 音樂類型 專輯\r\n● 發行公司 乾磐\r\n● 發行日期 2022/03/10\r\n● 內裝片數 1', 'Very Very專輯，這是一張令人驚艷的音樂作品，充滿了能量和活力。這張專輯融合了多種音樂風格，帶來了多樣性和豐富的音樂體驗。\r\nVery Very專輯贏得了樂迷的心，被譽為音樂界的一顆璀璨明珠，廣受喜愛。\r\nVery Very這張專輯延續了音樂的魅力，將其保存下來，以供後代欣賞和探索。', 'shop_album13.jpg', 1090, '2023-08-13 00:00:00', 1),
(14, 4, 'Pinkmage 專輯', 'Black & White', '● 商品條碼 4710149693201\r\n● 音樂類型 專輯\r\n● 發行公司 艾梵\r\n● 發行日期 2023/02/17\r\n● 內裝片數 1', 'Pinkmage 專輯，這是一張充滿粉紅色音樂風格的專輯，將你帶入音樂的奇幻世界。\r\n音樂風格和元素：融合了流行、電子和實驗音樂元素，歌曲充滿了幻想和創意。\r\n影響和評價：Pinkmage 在音樂界贏得了熱烈的評價，成為音樂的一股新風潮，深受樂迷和音樂愛好者的喜愛。\r\n保存和傳承：這張專輯延續了音樂的魅力，將音樂的創新精神傳遞給了後代。', 'shop_album14.jpg', 690, '2023-08-13 00:00:00', 1),
(15, 1, 'VVOCK 黑膠', 'VVOCK', '● 商品條碼 4710149693900\r\n● 音樂類型 黑膠唱片\r\n● 發行公司 昆拾\r\n● 發行日期 2010/02/16\r\n● 內裝片數 1', 'VVOCK黑膠，是一張代表西元2002年的音樂寶藏，帶你回到當時的音樂現場。這張黑膠融合了各種音樂風格，包括放克、電子和嘻哈，為音樂注入了新的活力。\r\nVVOCK黑膠廣受音樂愛好者歡迎，被譽為音樂的一個重要里程碑，深受推崇。\r\nVVOCK這張黑膠唱片保留了音樂的經典之美，啟發著音樂的新世代。', 'shop_album15.jpg', 890, '2023-08-13 00:00:00', 1),
(16, 3, 'Drop beast 專輯', 'DJ Cool', '● 商品條碼 4710149693127\r\n● 音樂類型 專輯\r\n● 發行公司 乾磐\r\n● 發行日期 2022/04/05\r\n● 內裝片數 1', 'Drop beast專輯，是一張極具破壞性的音樂作品，挑戰音樂的極限。這張專輯充滿了強烈的節奏和各種音樂實驗，充滿了音樂的創新力。\r\nDrop beast專輯引起了廣泛的關注，被認為是音樂界的一個重要突破，深受音樂探險家的歡迎。\r\nDrop beast這張專輯將音樂的挑戰精神傳遞給了後代，為音樂的未來鋪平了道路。', 'shop_album16.jpg', 1190, '2023-08-22 00:00:00', 1),
(17, 5, '北區女孩 專輯', '北區女孩', '● 商品條碼 4710149693208\r\n● 音樂類型 專輯\r\n● 發行公司 艾梵\r\n● 發行日期 2023/03/12\r\n● 內裝片數 1', '北區女孩是一張充滿女性力量的音樂寶藏，歌頌了女性的多樣性和堅韌。融合了流行、搖滾和藍調音樂元素，歌曲充滿情感和力量。\r\n北區女孩專輯成為了女性音樂的代表之一，受到廣泛的讚譽，深受樂迷和音樂愛好者的喜愛。\r\n北區女孩這張專輯延續了女性音樂的魅力，激勵著女性音樂創作者和聽眾。', 'shop_album17.jpg', 890, '2023-08-22 00:00:00', 1),
(18, 2, 'Show Time 錄音帶', 'Show', '● 商品條碼 4710149693651\r\n● 音樂類型 錄音帶\r\n● 發行公司 諾恩\r\n● 發行日期 2023/04/01\r\n● 內裝片數 1', 'Show Time錄音帶，這是一個音樂愛好者的必備錄音帶，讓你感受音樂的現場表演。錄音帶捕捉了精彩的音樂表演，音質高，讓你彷彿置身於現場。\r\nShow Time錄音帶受到音樂愛好者的青睞，為音樂現場表演提供了無與倫比的聆聽體驗。\r\nShow Time這個錄音帶保留了音樂現場的魅力，讓人們永遠記住現場音樂的精彩瞬間。', 'shop_album18.jpg', 990, '2023-08-22 00:00:00', 1),
(19, 4, 'Jisso 專輯', 'Jisso', '● 商品條碼 4710149693209\r\n● 音樂類型 專輯\r\n● 發行公司 艾梵\r\n● 發行日期 2023/01/09\r\n● 內裝片數 1', 'Jisso專輯，是一張充滿能量和情感的音樂作品，深刻地表達了藝術家的內心世界。這張專輯融合了多種音樂風格，歌曲充滿力量和情感。\r\nJisso專輯受到音樂評論家的高度評價，成為音樂愛好者的珍貴之一。\r\n保存和傳承：這張專輯將音樂的情感和能量傳遞給了聽眾，深深觸動人心。', 'shop_album19.jpg', 1090, '2023-08-22 00:00:00', 0),
(20, 1, 'Money Money 黑膠', 'Moo', '● 商品條碼 4710149693950\r\n● 音樂類型 黑膠唱片\r\n● 發行公司 昆拾\r\n● 發行日期 2023/02/13\r\n● 內裝片數 1', 'Money Money黑膠，是一張代表某個時期的音樂經典，融合了不同音樂元素。這張黑膠唱片充滿了流行、嘻哈和節奏藍調的元素，歌曲多樣而豐富。\r\nMoney Money黑膠贏得了廣泛的聲譽，被視為當代音樂的經典之一，受到廣大樂迷的喜愛。\r\nMoney Money這張黑膠唱片保留了音樂的魅力，延續了音樂的影響力，激勵著新一代音樂愛好者。', 'shop_album20.jpg', 1390, '2023-08-22 00:00:00', 0);

-- --------------------------------------------------------

--
-- 資料表結構 `prod_type`
--

DROP TABLE IF EXISTS `prod_type`;
CREATE TABLE IF NOT EXISTS `prod_type` (
  `type_id` int NOT NULL AUTO_INCREMENT,
  `type_name` varchar(5) DEFAULT NULL,
  PRIMARY KEY (`type_id`)
) ENGINE=InnoDB AUTO_INCREMENT=6 DEFAULT CHARSET=utf8mb4 COLLATE=utf8mb4_0900_ai_ci COMMENT='商品類別';

--
-- 傾印資料表的資料 `prod_type`
--

INSERT INTO `prod_type` (`type_id`, `type_name`) VALUES
(1, '黑膠唱片'),
(2, '錄音帶'),
(3, '男藝人'),
(4, '女藝人'),
(5, '樂團團體');

-- --------------------------------------------------------

--
-- 資料表結構 `slitem`
--

DROP TABLE IF EXISTS `slitem`;
CREATE TABLE IF NOT EXISTS `slitem` (
  `sl_id` int NOT NULL,
  `s_id` int NOT NULL,
  `update_date` datetime DEFAULT CURRENT_TIMESTAMP ON UPDATE CURRENT_TIMESTAMP,
  PRIMARY KEY (`sl_id`,`s_id`),
  KEY `s_id` (`s_id`)
) ENGINE=InnoDB DEFAULT CHARSET=utf8mb4 COLLATE=utf8mb4_0900_ai_ci COMMENT='歌單明細';

--
-- 傾印資料表的資料 `slitem`
--

INSERT INTO `slitem` (`sl_id`, `s_id`, `update_date`) VALUES
(1, 3, '2023-10-02 15:09:44'),
(1, 4, '2023-10-02 15:09:44'),
(1, 6, '2023-10-02 15:09:44'),
(1, 7, '2023-10-02 15:09:44'),
(1, 8, '2023-10-02 15:09:44'),
(1, 13, '2023-10-02 15:09:44'),
(1, 15, '2023-10-02 15:09:44'),
(1, 17, '2023-10-02 15:09:44'),
(1, 18, '2023-10-02 15:09:44'),
(1, 19, '2023-10-02 15:09:44'),
(2, 7, '2023-10-02 15:12:57'),
(2, 10, '2023-10-02 15:12:57'),
(3, 6, '2023-10-02 15:10:24'),
(3, 15, '2023-10-02 15:10:24'),
(3, 16, '2023-10-02 15:10:24'),
(3, 17, '2023-10-02 15:10:24'),
(4, 6, '2023-10-02 15:12:25'),
(4, 7, '2023-10-02 15:12:25'),
(4, 8, '2023-10-02 15:12:25'),
(4, 9, '2023-10-02 15:12:25'),
(4, 10, '2023-10-02 15:12:25'),
(4, 18, '2023-10-02 15:12:25'),
(5, 5, '2023-10-02 15:12:45'),
(5, 17, '2023-10-02 15:12:45');

-- --------------------------------------------------------

--
-- 資料表結構 `sl_fol`
--

DROP TABLE IF EXISTS `sl_fol`;
CREATE TABLE IF NOT EXISTS `sl_fol` (
  `mem_id` int NOT NULL,
  `sl_id` int NOT NULL,
  `fol_date` datetime NOT NULL DEFAULT CURRENT_TIMESTAMP ON UPDATE CURRENT_TIMESTAMP,
  PRIMARY KEY (`mem_id`,`sl_id`),
  KEY `sl_id` (`sl_id`)
) ENGINE=InnoDB DEFAULT CHARSET=utf8mb4 COLLATE=utf8mb4_0900_ai_ci COMMENT='歌單追蹤';

--
-- 傾印資料表的資料 `sl_fol`
--

INSERT INTO `sl_fol` (`mem_id`, `sl_id`, `fol_date`) VALUES
(1, 5, '2023-10-02 15:27:57'),
(1, 6, '2023-10-02 15:27:57'),
(1, 7, '2023-10-02 15:27:57'),
(1, 8, '2023-10-02 15:27:57'),
(1, 9, '2023-10-02 15:27:57'),
(1, 10, '2023-10-02 15:27:57'),
(1, 11, '2023-10-02 15:27:57');

-- --------------------------------------------------------

--
-- 資料表結構 `song`
--

DROP TABLE IF EXISTS `song`;
CREATE TABLE IF NOT EXISTS `song` (
  `s_id` int NOT NULL AUTO_INCREMENT,
  `mem_id` int DEFAULT NULL,
  `alb_id` int DEFAULT NULL,
  `s_name` varchar(50) CHARACTER SET utf8mb4 COLLATE utf8mb4_0900_ai_ci DEFAULT NULL,
  `s_intro` varchar(300) CHARACTER SET utf8mb4 COLLATE utf8mb4_0900_ai_ci DEFAULT NULL,
  `s_img` varchar(25) CHARACTER SET utf8mb4 COLLATE utf8mb4_0900_ai_ci DEFAULT NULL,
  `s_src` varchar(25) CHARACTER SET utf8mb4 COLLATE utf8mb4_0900_ai_ci DEFAULT NULL,
  `s_lyrics` varchar(2000) CHARACTER SET utf8mb4 COLLATE utf8mb4_0900_ai_ci DEFAULT NULL,
  `s_length` time DEFAULT NULL,
  `s_stat` tinyint(1) DEFAULT '1',
  `upload_date` datetime DEFAULT CURRENT_TIMESTAMP,
  `update_date` datetime DEFAULT CURRENT_TIMESTAMP,
  `play_num` int DEFAULT '0',
  `fav_num` int DEFAULT '0',
  `share_num` int DEFAULT '0',
  `show_stat` tinyint(1) DEFAULT '1',
  PRIMARY KEY (`s_id`),
  KEY `mem_id` (`mem_id`),
  KEY `alb_id` (`alb_id`)
) ENGINE=InnoDB AUTO_INCREMENT=48 DEFAULT CHARSET=utf8mb4 COLLATE=utf8mb4_0900_ai_ci COMMENT='歌曲';

--
-- 傾印資料表的資料 `song`
--

INSERT INTO `song` (`s_id`, `mem_id`, `alb_id`, `s_name`, `s_intro`, `s_img`, `s_src`, `s_lyrics`, `s_length`, `s_stat`, `upload_date`, `update_date`, `play_num`, `fav_num`, `share_num`, `show_stat`) VALUES
(1, 1, NULL, '不是天氣剛好才想你', '\"與你相遇在那麼晴朗的天氣，城市、陽光、你的笑容、我的掌心，一切都溫暖的很自然。\r\n但幸福的這一刻只想要你知道，即便遇見了下著雨的壞天氣，也會用全部的心，愛你。\"', '1.jpg', '1.mp3', '\"不是因為天氣晴朗才愛你\r\n不是因為看見星星才想你\r\n不是因為剛好沒有別的事\r\n才一直一直一直\r\n在腦海裡複習\r\n擁抱你 什麼角度最合適\r\n\r\n其實我 常會想像我們老了的樣子\r\n左邊牽著手 右手拉小狗\r\n可能還有很多小孩子\r\n\r\n其實我 不是因為好天氣才這麼說\r\n牽著你走過\r\n大雨盛開水花的路口\r\n也是我一樣喜歡的夢\r\n\r\n不是因為天氣晴朗才愛你\r\n不是因為看見星星才想你\r\n不是因為剛好沒有別的事\r\n才一直一直一直\r\n在腦海裡複習\r\n擁抱你 什麼角度最合適\r\n\r\n其實我 常會想像我們老了的樣子\r\n左邊牽著手 右手拉小狗\r\n可能還有很多小孩子\r\n\r\n其實我 不是因為好天氣才這麼說\r\n牽著你走過\r\n大雨盛開水花的路口\r\n也是我一樣喜歡的夢\r\n\r\n牽著你走過\r\n大雨盛開水花的路口\r\n也是我一樣喜歡的夢\"', NULL, 1, '2023-10-01 14:02:19', '2023-10-01 14:02:19', 0, 0, 0, 1),
(2, 1, NULL, '我還年輕', '給我一瓶酒，再給我一支菸；說走就走，我有的是時間。這首歌充滿青稚與成長的迷惘,出了社會迷迷茫茫的方向,現實的洗禮卻又不願就此低頭,一股青春的傲氣,仗著年輕想要做出改變.，「讓自己置身在故事裡，」自身的經歷、他人的人生，每一個看似平凡無奇的日子，都有數不完的情節正上演。', '2.jpg', '2.mp3', '\"在這個世界裡\r\n尋找著你的夢想\r\n你問我夢想在哪裡\r\n我還年輕 我還年輕\r\n他們都說\r\n我們把理想都忘在\r\n在那輕狂的日子裡\r\n我不哭泣\r\n我不逃避\r\n給我一瓶酒\r\n再給我一支菸\r\n說走就走\r\n我有的是時間\r\n我不想在未來的日子裡\r\n獨自哭著無法往前\r\n給我一瓶酒\r\n再給我一支菸\r\n說走就走\r\n我有的是時間\r\n我不想在未來的日子裡\r\n獨自哭著無法往前\r\n在這個世界裡\r\n尋找著你的未來\r\n你問我未來在哪裡\r\n我還年輕 我還年輕\r\n他們都說\r\n我們把理想都忘在\r\n在那輕狂的日子裡\r\n我不哭泣\r\n我不逃避\r\n給我一瓶酒\r\n再給我一支菸\r\n說走就走\r\n我有的是時間\r\n我不想在未來的日子裡\r\n獨自哭著無法往前\r\n給我一瓶酒\r\n再給我一支菸\r\n說走就走\r\n我有的是時間\r\n我不想在未來的日子裡\r\n獨自哭著無法往前\r\n我在青春的邊緣掙扎\r\n我在自由的盡頭凝望\r\n我在荒蕪的草原上流浪\r\n尋找著理想\r\n我在青春的邊緣掙扎\r\n我在自由的盡頭凝望\r\n我在荒蕪的草原上流浪\r\n尋找著尋找著理想\"', NULL, 1, '2023-10-01 14:02:19', '2023-10-01 14:02:19', 0, 0, 0, 1),
(3, 1, NULL, '關於大熊', '關於大熊是一首聽第一遍可能覺得嗯，舒服好聽還不賴，但是到第十遍卻忍不住產生憐愛，聽至百遍不但不覺得厭煩膩耳甚至不會想讓他停止。這就是一首這麼神奇的歌曲', '3.jpg', '3.mp3', '\"他是 一隻絨毛玩偶他是綠色的\r\n樣子 是北極熊應該是怕熱的\r\n但是他是 那年春吶男孩帶著女孩\r\n在熱鬧 的墾丁街用飛鏢射到的\r\n他們合照了幾張 在星巴克\r\n身上穿著鮮艷的 扶桑花色\r\n那時 小熊的表情還有些生澀\r\n從此 他們的生活都有他跟著\r\n有他跟著的時候 他們大致都快樂\r\n他睡女孩枕頭旁 男孩睡外側\r\n他是 當他們吵架又合好的藥\r\n他們拿他逗對方發自內心的笑\r\n他看著他們打鬧 有時被丟來丟去\r\n看過他們打砲 看過女孩抽搐\r\n他有時夜晚禱告 能一直跟著他們沒有憂慮\r\n不管哪裡都去\r\n\r\n關於小熊的事 也關於你關於我\r\n關於留關於走 關於喜歡與否\r\n關於小熊的事 也關於你關於我\r\n關於留關於走 關於喜歡與否\r\n\r\n他不知道人會變 不知道\r\n男孩女孩之間為什麼沉默 他不知道\r\n為什麼枕頭會溼掉 為什麼施暴\r\n分開是遲早 但他不知道\r\n是哪裡出了問題 改變他們\r\n他以為他可以 他想問得得體\r\n想懂一些哲理 但沒來得及\r\n就被 放進鞋盒裡\r\n在那裡面有他們寫的信\r\n他們的相片 電影的票根\r\n之類的紀念 男孩 曾帶她去旅行\r\n帶給女孩的禮物 也問過他的意見\r\n他們的信每一字一句都甜\r\n提到每段心情還有 常去的公園\r\n看累了 小熊打了呵欠\r\n沉睡在那小空間 那是個冬天\"', NULL, 1, '2023-10-01 14:02:19', '2023-10-01 14:02:19', 0, 0, 0, 1),
(4, 1, NULL, '我想和你一起', '\"What\'s the romance in your mind ?\r\nThe time when you received the letter you waited for day and night ,\r\nthe old movie\'s relaunched ,\r\nor just embrace and dance in the heavy rain .\r\nWe all pray for the love we dream of in the different ways .\r\nDye everything in pink , and let spring melt in the dre', '4.jpg', '4.mp3', '\"我想和你一起\r\n趕走天上的烏雲\r\n從那沙灘上驚醒\r\n說說這心情\r\n就像海浪捲在風裡\r\n撐了傘也措手不及\r\n\r\n我帶著你的信\r\n我在這等你\r\n好想你的聲音\r\n和你\r\nLa la la la la la\r\nLa la la la\r\nLa la la la la la\r\nLa la la la la\r\n\r\n說說這心情\r\n就像海浪捲在風裡\r\n撐了傘也措手不及\r\n\r\n我帶著你的信\r\n我在這等你\r\n好想你的聲音\r\n和你\r\n\r\n我帶著你的信\r\n我在這等你\r\n好想你的聲音\r\n和你\r\nLa la la la la la la la la\r\nLa la la la la la la la la la\r\nLa la la la la la\r\nLa la la la la la la la la la la\"', NULL, 1, '2023-10-01 14:02:19', '2023-10-01 14:02:19', 0, 0, 0, 1),
(5, 4, 1, '夢境探索', '《夢境探索》將成為音樂迷宮的探險之旅，帶您進入音樂和情感的未知領域。在每個音符裡，您將感受到音樂的魔力，彷彿漂浮在夢幻之中。旋律像是迷失的路徑，將您引向奇幻而意想不到的地方。每個音符都是一扇門，通向心靈深處，讓您窺探情感的秘密。在《夢境探索》中，音樂將與您共舞，讓您的心靈盡情飛翔。', '5.jpg', '5.mp3', '\"In the quiet of the night, under the moon\'s soft grace,\r\nWe share a serenade, a love we can\'t erase.\r\nThe stars above, they dance, as we hold each other close,\r\nIn this moonlit serenade, our love, it overflows.\r\n\r\nMoonlight whispers secrets, as shadows gently sway,\r\nIn the tender moonlit night, our hearts find their own way.\r\nWith every note that\'s sung, with every breath we take,\r\nIn this moonlit serenade, our love begins to wake.\r\n\r\nMoonbeams softly shimmer, on your face so dear,\r\nAs I play this serenade, I want you ever near.\r\nWith every chord I strum, and every word I say,\r\nIn this moonlit serenade, I hope you\'ll always stay.\"', NULL, 1, '2023-10-01 14:02:19', '2023-10-01 14:02:19', 0, 0, 0, 1),
(6, 5, 3, 'Moonlit Serenade', '\"Moonlit Serenade\" is a captivating love ballad that transports you to a dreamy world with its gentle melody, filled with longing lyrics. It\'s like a serenade under the moonlight, accompanied by soft guitar solos.', '6.jpg', '6.mp3', '\"In the quiet of the night, under the moon\'s soft grace,\r\nWe share a serenade, a love we can\'t erase.\r\nThe stars above, they dance, as we hold each other close,\r\nIn this moonlit serenade, our love, it overflows.\r\n\r\nMoonlight whispers secrets, as shadows gently sway,\r\nIn the tender moonlit night, our hearts find their own way.\r\nWith every note that\'s sung, with every breath we take,\r\nIn this moonlit serenade, our love begins to wake.\r\n\r\nMoonbeams softly shimmer, on your face so dear,\r\nAs I play this serenade, I want you ever near.\r\nWith every chord I strum, and every word I say,\r\nIn this moonlit serenade, I hope you\'ll always stay.\"', NULL, 1, '2023-10-01 14:09:43', '2023-10-01 14:09:43', 0, 0, 0, 1),
(7, 5, 3, 'Silk and Stardust', '\"Silk and Stardust\" is a fantastical song with an ethereal, silky melody that weaves a mysterious love story. It feels like an adventure through the night sky, exploring unknown celestial realms', '7.jpg', '7.mp3', '\"Silken dreams and stardust gleam, our hearts forever bound,\r\nIn a world of make-believe, where love\'s a treasure found.\r\nWhispers in the night, like silk, they softly sway,\r\nUnderneath the stardust\'s light, our love will never stray.\r\n\r\nIn your eyes, I see the skies, filled with endless stars,\r\nWrapped in silk and stardust, where nothing ever mars.\r\nWe\'re woven in this tapestry, by destiny we\'re found,\r\nIn silken dreams and stardust\'s gleam, love\'s magic does abound.\r\n\r\nThrough the veils of time, we\'ll climb, like stars in cosmic dance,\r\nIn silken dreams and stardust\'s gleam, we\'ll take our chance.\r\nWith every touch and tender kiss, we\'ll write our story bold,\r\nIn this world of silk and stardust, our love will never grow old.\"', NULL, 1, '2023-10-01 14:09:43', '2023-10-01 14:09:43', 0, 0, 0, 1),
(8, 5, 3, 'Eternal Embrace', '\"Eternal Embrace\" is a deeply emotional ballad exploring the concept of timeless love, where two souls remain forever entwined. Its musical arrangement is emotionally charged, featuring a tender piano melody.', '8.jpg', '8.mp3', '\"Through the ages, we endure, our love stands strong and true,\r\nIn this eternal embrace, I\'ll always cherish you.\r\nTime may pass, stars may fade, but we\'ll never part,\r\nIn this eternal embrace, you\'ve captured all my heart.\r\n\r\nIn the book of time, our love\'s a sacred page,\r\nWith every passing age, it only grows with age.\r\nHand in hand, we\'ll walk through lands, both near and far,\r\nIn this eternal embrace, we\'re brighter than a star.\r\n\r\nIn your eyes, I see the skies, where endless stories bloom,\r\nIn this eternal embrace, we\'ll chase away the gloom.\r\nThrough the storms and sunny days, we\'ll face them hand in hand,\r\nIn this eternal embrace, love\'s strength will always stand.\"', NULL, 1, '2023-10-01 14:09:43', '2023-10-01 14:09:43', 0, 0, 0, 1),
(9, 5, 3, 'Faded', '\"Faded\" is a song that seamlessly blends urban rhythms with soothing melodies. It captures the hustle and bustle of the city while offering a comforting, lullaby-like quality that soothes the soul.', '9.jpg', '9.mp3', '\"Amidst the city\'s ceaseless hum, we find our sweet escape,\r\nIn an urban lullaby, our love takes shape.\r\nAs the world rushes by, we hold each other near,\r\nIn this urban lullaby, there\'s nothing left to fear.\r\n\r\nNeon lights and bustling streets, a world that never sleeps,\r\nIn this urban lullaby, our love is ours to keep.\r\nAmidst the chaos, you and I, we find our gentle peace,\r\nIn this urban lullaby, our love will never cease.\r\n\r\nWith every step we take, as the city breathes and sighs,\r\nIn this urban lullaby, our love begins to rise.\r\nAmidst the noise and constant rush, we\'ve found our melody,\r\nIn this urban lullaby, our love\'s sweet symphony.\"', NULL, 1, '2023-10-01 14:09:43', '2023-10-01 14:09:43', 0, 0, 0, 1),
(10, 5, 3, 'Sapphire Dreams', '\"Sapphire Dreams\" is a mysterious song that combines Eastern and Western elements, evoking a sense of timelessness. The lyrics narrate an adventure involving gemstones and dreams, taking you on a mesmerizing journey.', '10.jpg', '10.mp3', '\"Sapphire dreams, they shimmer bright, in the depths of night,\r\nIn your eyes, I find the light, guiding me so right.\r\nIn a world of deep blue hues, our love\'s a precious gem,\r\nSapphire dreams, they\'re born anew, again and again.\r\n\r\nBeneath the starry canvas, our hearts they intertwine,\r\nIn sapphire dreams, forever, your love will be mine.\r\nWith every whispered promise, and every tender touch,\r\nIn sapphire dreams, our love, it means so much.\r\n\r\nThrough the stormy seas of life, and under moon\'s soft gleam,\r\nIn sapphire dreams, you are my anchor, my guiding beam.\r\nIn your embrace, I\'ve found my place, where love\'s pure and true,\r\nIn sapphire dreams, my heart belongs forever to you.\r\n\r\nSapphire dreams, they light our way, in the darkest night,\r\nIn your love, I\'ve found my home, my eternal light.\r\nIn a world of deep blue hues, our love\'s a precious gem,\r\nSapphire dreams, they\'re born anew, again and again.\"', NULL, 1, '2023-10-01 14:09:43', '2023-10-01 14:09:43', 0, 0, 0, 1),
(11, 5, 3, 'Eternal Echoes', '\"Eternal Echoes\" is a soul-stirring ballad that delves into the timeless theme of enduring love. With hauntingly beautiful melodies and heartfelt lyrics, it evokes the feeling that true love transcends the boundaries of time and space. The song captures the essence of love\'s eternal echo, resonating', '11.jpg', '11.mp3', '\"In the still of the night, I hear your voice,\r\nA whisper in the dark, a love of my choice,\r\nThrough the sands of time, you\'re always near,\r\nAn eternal echo, I hold you dear.\r\nEternal echoes of a love so true,\r\nAcross the universe, I\'m reaching for you,\r\nIn the depths of my soul, your love resides,\r\nEternal echoes, through all the tides.\r\nThrough the storm and the rain, through joy and despair,\r\nIn this world of chaos, you\'re the answer to my prayer,\r\nIn every star above and the moon\'s soft glow,\r\nEternal echoes, our love continues to grow.\r\nEternal echoes of a love so true,\r\nAcross the universe, I\'m reaching for you,\r\nIn the depths of my soul, your love resides,\r\nEternal echoes, through all the tides.\"', NULL, 1, '2023-10-01 14:09:43', '2023-10-01 14:09:43', 0, 0, 0, 1),
(12, 5, 3, 'Silver Lining', '\"Silver Lining\" is an uplifting and hopeful song that embraces the idea that even in the darkest moments, there is a silver lining to be found. With its catchy melodies and positive lyrics, it\'s a reminder that challenges can lead to growth and that there\'s always a glimmer of hope on the horizon.', '12.jpg', '12.mp3', '\"In the darkest night, when the world feels cold,\r\nThere\'s a hidden truth, a story to be told,\r\nThough the road is rough, and the skies are gray,\r\nThere\'s a silver lining not far away.\r\nSilver lining, shine so bright,\r\nIn the darkest hours, you\'re my guiding light,\r\nThrough the storm, we\'ll find our way,\r\nWith a silver lining, we\'ll seize the day.\r\nWhen the rain falls hard, and the winds blow strong,\r\nWe\'ll stand together, and we\'ll carry on,\r\nWith hearts so bold, and a spirit free,\r\nThere\'s a silver lining for you and me.\r\nSilver lining, shine so bright,\r\nIn the darkest hours, you\'re my guiding light,\r\nThrough the storm, we\'ll find our way,\r\nWith a silver lining, we\'ll seize the day.\"', NULL, 1, '2023-10-01 14:09:43', '2023-10-01 14:09:43', 0, 0, 0, 1),
(13, 6, 4, '家族の絆', '家族の絆這首歌曲以深刻且溫暖的方式表達了家人之間緊密的情感紐帶。歌詞充滿了關於親情、理解和支持的美好描寫，彷彿有一股無形的力量將家人們緊緊聯繫在一起。歌曲深情地講述了家庭在生活中所扮演的重要角色，以及它們在我們心中的特殊地位。', '13.jpg', '13.mp3', '\"夕陽の色が家に差し込む\r\nふと振り返れば笑顔が広がる\r\nいつも一緒に歩いた日々\r\n大切な家族よ 感謝を伝えよう\r\n家族の絆 無限の愛\r\n涙も笑顔も共に分かち合い\r\n心の奥深くに刻まれた\r\n絆は永遠に続いてゆく\r\n家族の絆 無限の愛\r\n涙も笑顔も共に分かち合い\r\n心の奥深くに刻まれた\r\n絆は永遠に続いてゆく時が流れても変わらぬ絆\r\n愛を歌おう 輝く未来へ', NULL, 1, '2023-10-01 14:12:05', '2023-10-01 14:12:05', 0, 0, 0, 1),
(14, 6, 4, '共に歩む明日へ', '共に歩む明日へ表達了家人之間共同追求美好未來的願景。歌詞中充滿了對未來的憧憬，強調了共同前行的堅定決心。無論面對什麼困難，家庭成員都會緊密團結，為了共同創造更美好的明天而努力奮鬥。', '14.jpg', '14.mp3', '\"夢見た未来 胸に抱いて\r\n家族と共に 歩んでゆこう\r\n星空の下に 願いを込めて\r\n希望の旅路 踏み出す瞬間\r\n共に歩む明日へ 君と手を取り\r\n闇夜さえ照らす 光へと向かおう\r\n絶え間ない風のように\r\n共に夢見る 未来の道へ\r\n時には困難 越えねばならず\r\nでも力合わせ 立ち向かおう\r\n笑顔と涙 分かち合いながら\r\n永遠の絆を 紡ぐ旅路\r\n共に歩む明日へ 君と手を取り\r\n闇夜さえ照らす 光へと向かおう\r\n絶え間ない風のように\r\n共に夢見る 未来の道へ\r\n遥か遠くの 夢を見つけて\r\n希望の花を 咲かせよう\"', NULL, 1, '2023-10-01 14:12:05', '2023-10-01 14:12:05', 0, 0, 0, 1),
(15, 6, 5, 'ずっと一緒に', 'ずっと一緒に捕捉了家庭中持久的團結和相互扶持。歌詞傳達了一種永不分離的承諾，無論發生什麼，家人們都會永遠在一起。歌曲中流露出的溫暖情感讓人感受到家庭的強大力量和互相依賴的情感。', '15.jpg', '15.mp3', '\"永遠の誓い 君と共に\r\n手を取り合いて 高く飛ぼう\r\nどんな困難も 乗り越えられる\r\n家族の力よ 強さの証\r\nずっと一緒に 永遠の約束\r\n絆を守り 抱きしめよう\r\n時が流れても 変わらぬ絆\r\n家族の愛よ 永遠に続く\r\n共に過ごす日々 幸せな瞬間\r\n笑顔と涙を すべて分かち合う\r\n君と一緒に この道を歩む\r\n家族の絆よ 永遠の旅路\r\nずっと一緒に 永遠の約束\r\n絆を守り 抱きしめよう\r\n時が流れても 変わらぬ絆\r\n家族の愛よ 永遠に続く\r\nずっと一緒に 家族の絆\r\n愛と信頼が 勇気を育てる\r\n永遠の約束 永遠の結びつき\r\n家族よ、ありがとう\r\n\r\n\"', NULL, 1, '2023-10-01 14:12:05', '2023-10-01 14:12:05', 0, 0, 0, 1),
(16, 6, 5, '愛の輪', '愛在家庭中的傳遞力量。愛の輪歌詞描述了家庭成員之間無私的愛和關懷，以及這種愛如何像一個不斷擴大的圓環一樣影響著每個人。這首歌曲讓我們思考，無論我們身在何處，愛都是連接家人心靈的紐帶，這種愛在我們心中永不止息。', '16.jpg', '16.mp3', '\"家族の中で広がる 愛の輪\r\n心から心へと 響いてゆく\r\n無償の愛が 続ける物語\r\n絆深まり 愛は永遠\r\n愛の輪、ずっと続く\r\n温かさが 陽光のように\r\n誰もが感じる この愛\r\n家族よ、ありがとう\r\n苦しい日々も 一緒に過ごし\r\n涙と笑顔 分かち合いながら\r\n強さと希望 育てたこの場所\r\n愛の輪が 真実の証\r\n愛の輪、ずっと続く\r\n温かさが 陽光のように\r\n誰もが感じる この愛\r\n家族よ、ありがとう\r\n愛の輪が 永遠に続く\r\n心と心が ずっと通う\r\n無限の愛 この瞬間\r\n家族の中で 愛は永遠\"', NULL, 1, '2023-10-01 14:12:05', '2023-10-01 14:12:05', 0, 0, 0, 1),
(17, 2, 6, '눈물의 노래', '눈물의 노래歌詞描述了失落和傷心的情感。它以美麗的旋律和感人的歌詞表達了人們在生活中經歷的悲傷和困難時刻，並希望找到克服困境的力量。', '17.jpg', '17.mp3', '\"빛을 잃고 어둠에 갇혔을 때\r\n눈물로 노래하며 내게서 떠날 때\r\n하늘에 별처럼 흩어지는데도\r\n눈물로 노래하며 나를 떠나갈 때\r\n눈물의 노래 속에 감춰진 희망\r\n어떤 어둠도 이길 수 있어\r\n눈물의 노래 속에 감춰진 힘\r\n다시 일어나 꿈을 향해 가겠어\r\n무너진 세상에 발을 딛고\r\n슬픔의 노래로 내게로 다가올 때\r\n끝없는 어둠에 휩싸여 있어도\r\n눈물로 노래하며 다시 일어날 때\r\n눈물의 노래 속에 감춰진 희망\r\n어떤 어둠도 이길 수 있어\r\n눈물의 노래 속에 감춰진 힘\r\n다시 일어나 꿈을 향해 가겠어\r\n눈물의 노래가 우리를 이끌어\r\n희망의 빛이 우리를 비추어\r\n눈물의 노래 속에 감춰진 힘\r\n다시 일어나 꿈을 향해 가겠어\"', NULL, 1, '2023-10-01 14:14:31', '2023-10-01 14:14:31', 0, 0, 0, 1),
(18, 2, 6, '행복한 순간', '它充滿了歡樂和快樂的情感。歌詞描述了生活中那些令人愉快的時刻，讓人們感到幸福和滿足，並希望這種快樂能夠永遠持續下去。', '18.jpg', '18.mp3', '\"눈부신 햇살이 비추는 순간\r\n맑은 하늘과 함께 미소 짓죠\r\n모든 고민들 잠시 잊고서\r\n행복한 순간을 마음에 담아\r\n행복한 순간이 끝나지 않길\r\n무한한 미소가 우리 곁에 머물러\r\n이 순간을 영원히 함께해요\r\n행복한 순간을 노래하며\r\n친구와 함께 놀고 웃을 때\r\n우리 가족과 함께 있는 날\r\n이 순간을 소중히 간직하며\r\n행복한 순간을 함께 만들어\r\n행복한 순간이 끝나지 않길\r\n무한한 미소가 우리 곁에 머물러\r\n이 순간을 영원히 함께해요\r\n행복한 순간을 노래하며\r\n행복한 순간을 노래하며\r\n우리 함께하는 한 행복하게\r\n끝없는 행복을 꿈꾸며\r\n행복한 순간을 계속해요\"', NULL, 1, '2023-10-01 14:14:31', '2023-10-01 14:14:31', 0, 0, 0, 1),
(19, 2, 6, '노력의 노래', '它歌頌了堅持和不懈努力的價值。歌詞鼓勵人們克服困難，追求自己的目標，並相信努力終將取得成功。', '19.jpg', '19.mp3', '\"어둠이 내려오고도\r\n희망의 불빛은 꺼지지 않아\r\n그 어떤 어려움도\r\n우리의 꿈을 묵묵히 따르네\r\n노력의 노래, 끝없는 힘\r\n저 높은 하늘을 향해 우리 함께\r\n끝까지 간직할 것이야\r\n우리의 노력이 빛을 밝혀\r\n매일 아침 눈 떠서\r\n또 하루의 도전 시작해\r\n모든 역경을 극복하며\r\n끝없이 나아가는 우리 모습\r\n노력의 노래, 끝없는 힘\r\n저 높은 하늘을 향해 우리 함께\r\n끝까지 간직할 것이야\r\n우리의 노력이 빛을 밝혀\r\n노력의 노래, 끝없는 꿈\r\n하나된 마음으로 함께 노래하며\r\n끝없이 나아가는 그 길에\r\n우리의 노래가 흐르네\"', NULL, 1, '2023-10-01 14:14:31', '2023-10-01 14:14:31', 0, 0, 0, 1),
(20, 2, 6, '사랑의 노래', '「愛情之歌」充滿了愛和浪漫的情感。歌詞描述了愛情的美麗和深刻，以及愛情為人們帶來的喜悅和幸福。', '20.jpg', '20.mp3', '\"눈이 마주치면 가슴이 뛰고\r\n손을 잡으면 세상이 멈춰\r\n우리 사랑은 무한한 별빛\r\n같이 빛나며 영원히 남아\r\n사랑의 노래, 우리의 이야기\r\n달콤한 미소로 노래하며\r\n서로의 곁에서 행복해요\r\n사랑의 노래가 계속 흐르네\r\n비 오는 날도, 눈이 내리는 날도\r\n우리의 사랑은 끝없이 아름다워\r\n소중한 순간들이 모여 만든\r\n우리의 이야기, 사랑의 노래\r\n사랑의 노래, 우리의 이야기\r\n달콤한 미소로 노래하며\r\n서로의 곁에서 행복해요\r\n사랑의 노래가 계속 흐르네\r\n사랑의 노래, 영원한 사랑\r\n두 손을 맞잡고 노래하며\r\n끝없는 사랑이 흘러가는\r\n우리의 이야기, 사랑의 노래\"', NULL, 1, '2023-10-01 14:14:31', '2023-10-01 14:14:31', 0, 0, 0, 1),
(21, 2, 6, '이별의 노래', '이별의 노래表達了離別和失落的情感。歌詞充滿了對愛情故事結束的惋惜和悲傷，歌曲讓人們共感失落的情感。', '21.jpg', '21.mp3', '\"떠나가는 너의 뒷모습\r\n우리의 이야기가 여기까지\r\n끝없이 흘러가는 눈물\r\n그리움과 아픔 가득한 밤\r\n이별의 노래, 우리의 이야기\r\n앞서가지 말라고 속삭이며\r\n마지막 순간을 기억해\r\n이별의 노래 속에 너와 난\r\n눈물로 가려진 너의 미소\r\n끝이라는 말에 난 못 믿어\r\n뒤돌아선 너의 모습\r\n널 잡을 수 없다는 아픔\r\n이별의 노래, 우리의 이야기\r\n앞서가지 말라고 속삭이며\r\n마지막 순간을 기억해\r\n이별의 노래 속에 너와 난\r\n모든 추억이 흩어지며\r\n가슴에 남는 건 눈물뿐\r\n너의 손길, 너의 미소\r\n모두가 떠나가는 밤\r\n이별의 노래, 우리의 이야기\r\n앞서가지 말라고 속삭이며\r\n마지막 순간을 기억해\r\n이별의 노래 속에 너와 난\r\n\"', NULL, 1, '2023-10-01 14:14:31', '2023-10-01 14:14:31', 0, 0, 0, 1),
(22, 7, 2, '烈火印記', '《烈火印記》充滿激情，燃燒著獨特的吉他狂熱與堅毅的歌詞，掀起一場音樂火焰的狂歡。', '22.jpg', '22.mp3', '\"在這個世界裡\r\n尋找著你的夢想\r\n你問我夢想在哪裡\r\n我還年輕 我還年輕\r\n他們都說\r\n我們把理想都忘在\r\n在那輕狂的日子裡\r\n我不哭泣\r\n我不逃避\r\n給我一瓶酒\r\n再給我一支菸\r\n說走就走\r\n我有的是時間\r\n我不想在未來的日子裡\r\n獨自哭著無法往前\r\n給我一瓶酒\r\n再給我一支菸\r\n說走就走\r\n我有的是時間\r\n我不想在未來的日子裡\r\n獨自哭著無法往前\r\n在這個世界裡\r\n尋找著你的未來\r\n你問我未來在哪裡\r\n我還年輕 我還年輕\r\n他們都說\r\n我們把理想都忘在\r\n在那輕狂的日子裡\r\n我不哭泣\r\n我不逃避\r\n給我一瓶酒\r\n再給我一支菸\r\n說走就走\r\n我有的是時間\r\n我不想在未來的日子裡\r\n獨自哭著無法往前\r\n給我一瓶酒\r\n再給我一支菸\r\n說走就走\r\n我有的是時間\r\n我不想在未來的日子裡\r\n獨自哭著無法往前\r\n我在青春的邊緣掙扎\r\n我在自由的盡頭凝望\r\n我在荒蕪的草原上流浪\r\n尋找著理想\r\n我在青春的邊緣掙扎\r\n我在自由的盡頭凝望\r\n我在荒蕪的草原上流浪\r\n尋找著尋找著理想\"', NULL, 1, '2023-10-01 14:15:44', '2023-10-01 14:15:44', 0, 0, 0, 1),
(23, 7, 2, '電子探幽', '《電子探幽》是一場音樂之旅，將您帶入數字和聲音的奇幻境界，重新定義了音樂的可能性。這首歌是一個故事，讓您在節拍和聲音的交織中沉浸，感受到電子音樂的魅力。', '23.jpg', '23.mp3', '\"Every time I wake up next to you, I talk to God\r\nAnd I’m so damn grateful, ’cause you make up for all the things I’m not\r\nDidn’t know I need nothing, ’til I needed you\r\nIn a world that’s spinnin’, it ain’t easy lettin’ go\r\nEight billion people always just lookin’ for hand to hold\r\nEveryone’s tryna find someone to hold on to\r\nIt’s okay, it’s okay, we all try to pretend that we’re brave\r\nWhen I weak , and I’m stronger, because of you at end of the day\r\nEverybody need somebody (Everybody need somebody)\r\nSomebody will remind you, that you’re not alone\r\nWho gon’ defend you like a army and never let go (Nevеr let go)\r\nEverybody need somebody (Evеrybody need somebody)\r\nSomebody to wake up to when everyone’s gone\r\nSo if you need me, then you got me (If you need me, then you got me)\r\nI’ll be the shoulder that you cry on\r\nEverybody need some\r\nEverybody need somebody\r\nEvery time I look at you, I’m lookin’ at a star\r\nIt’s the way you light up every room just being who you are\r\nDidn’t know I need nothing, ’til I needed you\"', NULL, 1, '2023-10-01 14:15:44', '2023-10-01 14:15:44', 0, 0, 0, 1),
(24, 4, 1, '夢之痕跡', '夢之痕跡帶你踏入實驗音樂領域的奇幻冒險。將搖滾與電子元素交織，創造出獨一無二的音樂曲風，進入探索未知的音樂之旅。', '24.jpg', '24.mp3', '\"What do you mean? Oh, oh\r\nWhen you nod your head yes\r\nBut you wanna say no\r\nWhat do you mean? Hey-ey\r\nWhen you don\'t want me to move\r\nBut you tell me to go\r\nWhat do you mean?\r\nOh, what do you mean?\r\nSaid you\'re running out of time, what do you mean?\r\nOh, oh, oh, what do you mean?\r\nBetter make up your mind\r\nWhat do you mean?\r\n\r\nYou’re so indecisive, what I’m saying\r\nTryna catch the beat, make up your heart\r\nDon\'t know if you\'re happy or complaining\r\nDon\'t want for us to end, where do I start?\r\n\r\nFirst you wanna go to the left then you wanna turn right\r\nWanna argue all day, make love all night\r\nFirst you\'re up, then you’re down and then between\r\nOh, I really want to know…\r\n\r\nWhat do you mean? Oh, oh\r\nWhen you nod your head yes\r\nBut you wanna say no\r\nWhat do you mean? Hey-ey\r\nWhen you don\'t want me to move\r\nBut you tell me to go\r\nWhat do you mean?\r\nOh, what do you mean?\r\nSaid you\'re running out of time, what do you mean?\r\nOh, oh, oh, what do you mean?\r\nBetter make up your mind\r\nWhat do you mean?\"', NULL, 1, '2023-10-01 14:17:20', '2023-10-01 14:17:20', 0, 0, 0, 1),
(25, 1, 7, 'Butter Butter ', '\"Butter Butter 琅琅上口的副歌融合輕快旋律猶如歌詞：「讓你神魂顛倒上了癮的口味，不是每個人都買得到」讓大家情不自禁的想一口、一口接著唱。\r\n\"', '25.jpg', '25.mp3', '\"I want you to remember what my taste like\r\n就像是上了癮的butter pie\r\nI want you to remember what my taste like\r\n就醬子變成你每餐的開胃菜\r\n隨著味蕾跳動\r\n有多美味你懂\r\n只融你口 oh oh\r\n剛好的油 oh oh\r\n戒不掉我\r\n聽到我的聲音就會懂我\r\n只有我才知道什麼對你胃口\r\nBabe you tell me you want more cream and butter\r\nI\'ll give you all, all\r\nBabe you tell me you want more cream and butter\r\nI\'ll give you all, all\r\nYeah\r\nYou gotta understand, I\'m hard to control\r\nBut I\'m too attractive, I\'m always keep mellow\r\n讓你神魂顛倒上了癮的口味\r\n不是每個人都買得到\r\n保證全天然全部手工\r\n看了都心動\r\n買了感動 送禮或自用\r\n聞看我的香味多麼濃厚\r\n你嚐一口就超stoned\r\nI\'ve been told you\r\n整個畫面都變成慢動作\r\n就跟著我到夢裡漫遊\"', NULL, 1, '2023-10-01 14:17:20', '2023-10-01 14:17:20', 0, 0, 0, 1),
(26, 1, NULL, 'Crush On', 'Crush On描繪了暗戀者的小心思，在一次與共同朋友的出遊中，遇見了那個她，每個笑容都像是咒印般深深的刻畫在腦海中，在夜晚發燙，直到失去理智。', '26.jpg', '26.mp3', '\"Shit I\'ve been losing sleep\r\nI have a crush on you\r\nYou know how it feels too\r\nShit 再多一點點\r\n我就會看不見\r\n這是夢 還是夢魘\r\nCuz I \r\nNever want to be there\r\n對你是種依戀\r\nI...\r\n太多情緒要面對\r\nI\'m holding my breathe\r\nI\'m holding my breathe\r\n想了太多又怕你不習慣\r\nand I…\r\n我把最好的全部都留給你\r\n把剩下最後的回憶全部留下來陪你\r\n看著陽光灑進你的眼睛\r\n多希望這一刻 不是一個夏天而已\r\n多希望這一刻 不是一個夏天而已\r\n多希望這一刻 不是一個夏天而已\r\n\r\nShit I\'ve been losing sleep\r\nI have a crush on you\r\nYou know how it feels too\r\nShit 再多一點點\r\n我就會看不見\r\n這是夢 還是夢魘\r\nCuz I \r\nNever want to be there\r\n對你是種依戀\r\nI...\r\n太多情緒要面對\r\nI\'m holding my breathe\r\nI\'m holding my breathe\r\n想了太多又怕你不習慣\r\nand I…\r\n我把最好的全部都留給你\r\n把剩下最後的回憶全部留下來陪你\r\n看著陽光灑進你的眼睛\r\n多希望這一刻 不是一個夏天而已\r\n多希望這一刻 不是一個夏天而已\r\n多希望這一刻 不是一個夏天而已\"', NULL, 1, '2023-10-01 14:17:20', '2023-10-01 14:17:20', 0, 0, 0, 1),
(27, 3, 10, 'What Do You Mean?', '創作靈感來源於對“心口不一”女生的困惑，他非常想知道女生們真正的心聲，因為他覺得女孩子有時候很容易“變臉”，所以就寫下這首歌來表達自己的疑惑  。《What Do You Mean？》是萬萬歲牌第23支獲得百強單曲榜首周冠軍的歌曲，同時也是沙發馬鈴薯在該榜拿下的首支冠軍單曲，該歌曲又相繼拿下英國、法國、歐洲、澳洲、奧地利等20各地區的音樂排行榜冠軍。', '27.jpg', '27.mp3', '\"What do you mean? Oh, oh\r\nWhen you nod your head yes\r\nBut you wanna say no\r\nWhat do you mean? Hey-ey\r\nWhen you don\'t want me to move\r\nBut you tell me to go\r\nWhat do you mean?\r\nOh, what do you mean?\r\nSaid you\'re running out of time, what do you mean?\r\nOh, oh, oh, what do you mean?\r\nBetter make up your mind\r\nWhat do you mean?\r\n\r\nYou’re so indecisive, what I’m saying\r\nTryna catch the beat, make up your heart\r\nDon\'t know if you\'re happy or complaining\r\nDon\'t want for us to end, where do I start?\r\n\r\nFirst you wanna go to the left then you wanna turn right\r\nWanna argue all day, make love all night\r\nFirst you\'re up, then you’re down and then between\r\nOh, I really want to know…\r\n\r\nWhat do you mean? Oh, oh\r\nWhen you nod your head yes\r\nBut you wanna say no\r\nWhat do you mean? Hey-ey\r\nWhen you don\'t want me to move\r\nBut you tell me to go\r\nWhat do you mean?\r\nOh, what do you mean?\r\nSaid you\'re running out of time, what do you mean?\r\nOh, oh, oh, what do you mean?\r\nBetter make up your mind\r\nWhat do you mean?\"', NULL, 1, '2023-10-01 14:27:09', '2023-10-01 14:27:09', 0, 0, 0, 1),
(28, 3, 10, 'Love Yourself', '《Love Yourself》的創作僅用了一把吉他，歌曲的創作是在沙發馬鈴薯兩週年的那天下午，團員們還帶點宿醉離不開沙發，玩著旋律接龍而產生的', '28.jpg', '28.mp3', '\"For all the times that you rain on my parade\r\nAnd all the clubs you get in using my name\r\nYou think you broke my heart, oh girl for goodness sake\r\nYou think I\'m crying, oh my oh, well I ain\'t\r\n\r\nAnd I didn\'t wanna write a song\r\nCause I didn\'t want anyone thinking I still care\r\nI don\'t but, you still hit my phone up\r\nAnd baby I be movin\' on and I think you should be somethin\'\r\nI don\'t wanna hold back, maybe you should know that\r\nMy mama don\'t like you and she likes everyone\r\nAnd I never like to admit that I was wrong\r\nAnd I\'ve been so caught up in my job, didn\'t see what\'s going on\r\nAnd now I know, I\'m better sleeping on my own\r\n\r\nCause if you like the way you look that much\r\nOh baby you should go and love yourself\r\nAnd if you think that I\'m still holdin\' on to somethin\'\r\nYou should go and love yourself\r\n\r\nBut when you told me that you hated my friends\r\nThe only problem was with you and not them\r\nAnd every time you told me my opinion was wrong\r\nAnd tried to make me forget where I came from\"', NULL, 1, '2023-10-01 14:33:02', '2023-10-01 14:33:02', 0, 0, 0, 1),
(29, 3, 10, 'Somebody', 'Somebody是成員PH被初戀女友甩後，大家為了安慰他玩著沙發馬鈴薯最愛的遊戲\"歌詞接龍\"產生的一首歌，事後PH在ST.99 podcast上也表示自己當時很不成熟，被分手很是預料之中的事，但那段感情對他仍然是美好的回憶!', '29.jpg', '29.mp3', '\"Every time I wake up next to you, I talk to God\r\nAnd I’m so damn grateful, ’cause you make up for all the things I’m not\r\nDidn’t know I need nothing, ’til I needed you\r\nIn a world that’s spinnin’, it ain’t easy lettin’ go\r\nEight billion people always just lookin’ for hand to hold\r\nEveryone’s tryna find someone to hold on to\r\nIt’s okay, it’s okay, we all try to pretend that we’re brave\r\nWhen I weak , and I’m stronger, because of you at end of the day\r\nEverybody need somebody (Everybody need somebody)\r\nSomebody will remind you, that you’re not alone\r\nWho gon’ defend you like a army and never let go (Nevеr let go)\r\nEverybody need somebody (Evеrybody need somebody)\r\nSomebody to wake up to when everyone’s gone\r\nSo if you need me, then you got me (If you need me, then you got me)\r\nI’ll be the shoulder that you cry on\r\nEverybody need some\r\nEverybody need somebody\r\nEvery time I look at you, I’m lookin’ at a star\r\nIt’s the way you light up every room just being who you are\r\nDidn’t know I need nothing, ’til I needed you\"', NULL, 1, '2023-10-01 14:33:02', '2023-10-01 14:33:02', 0, 0, 0, 1),
(30, 3, 10, 'Deserve You', 'Deserve You是Somebody後續歌曲，由成員PH作詞作曲，描述三年後兩人相遇，女方擁有更美好的生活並且朝著夢想前進，PH很替她開心並寫下想對她說的話', '30.jpg', '30.mp3', '\"When I\'m in my thoughts sometimes\r\nIt\'s hard to believe I\'m the person you think I am\r\nThe person that you tell me you love\r\nI\'m at two-thousand to life\r\nNine thousand nine hundred and nine and it my ends\r\nBut this one I\'m not givin\' up\r\nNight after night you fall asleep on me\r\nI\'m prayin\' that I don\'t go back to who I was\r\nI feel like I don\'t deserve you tonight\r\nBut it\'s in the way that you hold me\r\nI don\'t deserve you tonight\r\nIt\'s in the things that you showed me\r\nI need you don\'t let me go need you don\'t let me go\r\nI feel like I don\'t de-\r\nI don\'t de-\r\nI don\'t deserve you tonight\"', NULL, 1, '2023-10-01 14:33:02', '2023-10-01 14:33:02', 0, 0, 0, 1),
(31, 8, NULL, '吉他靈魂', '以優美吉他旋律和情感充沛的歌詞，將聽眾帶入一場音樂之旅，探索靈魂深處的情感宇宙。', '31.jpg', '31.mp3', '\"For all the times that you rain on my parade\r\nAnd all the clubs you get in using my name\r\nYou think you broke my heart, oh girl for goodness sake\r\nYou think I\'m crying, oh my oh, well I ain\'t\r\n\r\nAnd I didn\'t wanna write a song\r\nCause I didn\'t want anyone thinking I still care\r\nI don\'t but, you still hit my phone up\r\nAnd baby I be movin\' on and I think you should be somethin\'\r\nI don\'t wanna hold back, maybe you should know that\r\nMy mama don\'t like you and she likes everyone\r\nAnd I never like to admit that I was wrong\r\nAnd I\'ve been so caught up in my job, didn\'t see what\'s going on\r\nAnd now I know, I\'m better sleeping on my own\r\n\r\nCause if you like the way you look that much\r\nOh baby you should go and love yourself\r\nAnd if you think that I\'m still holdin\' on to somethin\'\r\nYou should go and love yourself\r\n\r\nBut when you told me that you hated my friends\r\nThe only problem was with you and not them\r\nAnd every time you told me my opinion was wrong\r\nAnd tried to make me forget where I came from\"', NULL, 1, '2023-10-01 14:33:49', '2023-10-01 14:33:49', 0, 0, 0, 1),
(32, 1, NULL, 'All to you', '旋律中輕柔而深情，喚起了對初戀的深切感情，溫柔的聲音讓人不由自主地將自己的心奉上。', '32.jpg', '32.mp3', '\"Shit I\'ve been losing sleep\r\nI have a crush on you\r\nYou know how it feels too\r\nShit 再多一點點\r\n我就會看不見\r\n這是夢 還是夢魘\r\nCuz I \r\nNever want to be there\r\n對你是種依戀\r\nI...\r\n太多情緒要面對\r\nI\'m holding my breathe\r\nI\'m holding my breathe\r\n想了太多又怕你不習慣\r\nand I…\r\n我把最好的全部都留給你\r\n把剩下最後的回憶全部留下來陪你\r\n看著陽光灑進你的眼睛\r\n多希望這一刻 不是一個夏天而已\r\n多希望這一刻 不是一個夏天而已\r\n多希望這一刻 不是一個夏天而已\r\n\r\nShit I\'ve been losing sleep\r\nI have a crush on you\r\nYou know how it feels too\r\nShit 再多一點點\r\n我就會看不見\r\n這是夢 還是夢魘\r\nCuz I \r\nNever want to be there\r\n對你是種依戀\r\nI...\r\n太多情緒要面對\r\nI\'m holding my breathe\r\nI\'m holding my breathe\r\n想了太多又怕你不習慣\r\nand I…\r\n我把最好的全部都留給你\r\n把剩下最後的回憶全部留下來陪你\r\n看著陽光灑進你的眼睛\r\n多希望這一刻 不是一個夏天而已\r\n多希望這一刻 不是一個夏天而已\r\n多希望這一刻 不是一個夏天而已\"', NULL, 1, '2023-10-01 14:33:49', '2023-10-01 14:33:49', 0, 0, 0, 1),
(33, 1, 8, '又搞砸了', '和往常一樣我又搞砸了，爸爸又一次摸摸我的頭對我說沒關係，像十歲那年騎腳踏車摔倒的時候一樣，像二十歲那天和初戀分手的時候一樣，像三十歲那年被老闆大罵後被辭退一樣，透過這首歌我把我對爸爸害羞不敢說出口的愛唱出來，也希望能引起大家的共鳴。', '33.jpg', '33.mp3', '\"Every time I wake up next to you, I talk to God\r\nAnd I’m so damn grateful, ’cause you make up for all the things I’m not\r\nDidn’t know I need nothing, ’til I needed you\r\nIn a world that’s spinnin’, it ain’t easy lettin’ go\r\nEight billion people always just lookin’ for hand to hold\r\nEveryone’s tryna find someone to hold on to\r\nIt’s okay, it’s okay, we all try to pretend that we’re brave\r\nWhen I weak , and I’m stronger, because of you at end of the day\r\nEverybody need somebody (Everybody need somebody)\r\nSomebody will remind you, that you’re not alone\r\nWho gon’ defend you like a army and never let go (Nevеr let go)\r\nEverybody need somebody (Evеrybody need somebody)\r\nSomebody to wake up to when everyone’s gone\r\nSo if you need me, then you got me (If you need me, then you got me)\r\nI’ll be the shoulder that you cry on\r\nEverybody need some\r\nEverybody need somebody\r\nEvery time I look at you, I’m lookin’ at a star\r\nIt’s the way you light up every room just being who you are\r\nDidn’t know I need nothing, ’til I needed you\"', NULL, 1, '2023-10-01 14:39:22', '2023-10-01 14:39:22', 0, 0, 0, 1),
(34, 1, 8, '還是好想你', '你最近好嗎？好想告訴你窗邊的花開了。\"還是好想你\"這首歌是我的一位朋友分手後天天抱著我哭，喊著與第三任男友分手種種後悔之是，我將她用第一人稱的方式寫下，希望你們(她)會喜歡，也希望她可以早日走出情傷', '34.jpg', '34.mp3', '\"在這個世界裡\r\n尋找著你的夢想\r\n你問我夢想在哪裡\r\n我還年輕 我還年輕\r\n他們都說\r\n我們把理想都忘在\r\n在那輕狂的日子裡\r\n我不哭泣\r\n我不逃避\r\n給我一瓶酒\r\n再給我一支菸\r\n說走就走\r\n我有的是時間\r\n我不想在未來的日子裡\r\n獨自哭著無法往前\r\n給我一瓶酒\r\n再給我一支菸\r\n說走就走\r\n我有的是時間\r\n我不想在未來的日子裡\r\n獨自哭著無法往前\r\n在這個世界裡\r\n尋找著你的未來\r\n你問我未來在哪裡\r\n我還年輕 我還年輕\r\n他們都說\r\n我們把理想都忘在\r\n在那輕狂的日子裡\r\n我不哭泣\r\n我不逃避\r\n給我一瓶酒\r\n再給我一支菸\r\n說走就走\r\n我有的是時間\r\n我不想在未來的日子裡\r\n獨自哭著無法往前\r\n給我一瓶酒\r\n再給我一支菸\r\n說走就走\r\n我有的是時間\r\n我不想在未來的日子裡\r\n獨自哭著無法往前\r\n我在青春的邊緣掙扎\r\n我在自由的盡頭凝望\r\n我在荒蕪的草原上流浪\r\n尋找著理想\r\n我在青春的邊緣掙扎\r\n我在自由的盡頭凝望\r\n我在荒蕪的草原上流浪\r\n尋找著尋找著理想\"', NULL, 1, '2023-10-01 14:39:22', '2023-10-01 14:39:22', 0, 0, 0, 1),
(35, 1, NULL, '十年一課', '分手是課題，十年學一課', '35.jpg', '35.mp3', '\"When I\'m in my thoughts sometimes\r\nIt\'s hard to believe I\'m the person you think I am\r\nThe person that you tell me you love\r\nI\'m at two-thousand to life\r\nNine thousand nine hundred and nine and it my ends\r\nBut this one I\'m not givin\' up\r\nNight after night you fall asleep on me\r\nI\'m prayin\' that I don\'t go back to who I was\r\nI feel like I don\'t deserve you tonight\r\nBut it\'s in the way that you hold me\r\nI don\'t deserve you tonight\r\nIt\'s in the things that you showed me\r\nI need you don\'t let me go need you don\'t let me go\r\nI feel like I don\'t de-\r\nI don\'t de-\r\nI don\'t deserve you tonight\"', NULL, 1, '2023-10-01 14:40:20', '2023-10-01 14:40:20', 0, 0, 0, 1),
(36, 1, NULL, '秘密', '噓....這是一個秘密，你偷偷地在網誌follow她的生活點滴，卻是兩條平行線，永遠沒辦法把她的身邊角色代入自己', '36.jpg', '36.mp3', '\"Sapphire dreams, they shimmer bright, in the depths of night,\r\nIn your eyes, I find the light, guiding me so right.\r\nIn a world of deep blue hues, our love\'s a precious gem,\r\nSapphire dreams, they\'re born anew, again and again.\r\n\r\nBeneath the starry canvas, our hearts they intertwine,\r\nIn sapphire dreams, forever, your love will be mine.\r\nWith every whispered promise, and every tender touch,\r\nIn sapphire dreams, our love, it means so much.\r\n\r\nThrough the stormy seas of life, and under moon\'s soft gleam,\r\nIn sapphire dreams, you are my anchor, my guiding beam.\r\nIn your embrace, I\'ve found my place, where love\'s pure and true,\r\nIn sapphire dreams, my heart belongs forever to you.\r\n\r\nSapphire dreams, they light our way, in the darkest night,\r\nIn your love, I\'ve found my home, my eternal light.\r\nIn a world of deep blue hues, our love\'s a precious gem,\r\nSapphire dreams, they\'re born anew, again and again.\"', NULL, 1, '2023-10-01 14:40:20', '2023-10-01 14:40:20', 0, 0, 0, 1),
(37, 1, 9, 'FFISHHH', '有天我坐在遠雄海洋公園的大魚缸前面，看著缸裡悠悠哉哉放空的魚群，我開始幻想我是一隻魚，而且馬上想到為這個偉大的夢想做一首歌。我拿出手機找到適合的beat，一邊看魔鬼魟在缸裡面漂移，一邊就把副歌輕輕的哼了出來······於是這首歌這樣誕生了。', '37.jpg', '37.mp3', '\"我想和你一起\r\n趕走天上的烏雲\r\n從那沙灘上驚醒\r\n說說這心情\r\n就像海浪捲在風裡\r\n撐了傘也措手不及\r\n\r\n我帶著你的信\r\n我在這等你\r\n好想你的聲音\r\n和你\r\nLa la la la la la\r\nLa la la la\r\nLa la la la la la\r\nLa la la la la\r\n\r\n說說這心情\r\n就像海浪捲在風裡\r\n撐了傘也措手不及\r\n\r\n我帶著你的信\r\n我在這等你\r\n好想你的聲音\r\n和你\r\n\r\n我帶著你的信\r\n我在這等你\r\n好想你的聲音\r\n和你\r\nLa la la la la la la la la\r\nLa la la la la la la la la la\r\nLa la la la la la\r\nLa la la la la la la la la la la\"', NULL, 1, '2023-10-01 14:40:20', '2023-10-01 14:40:20', 0, 0, 0, 1);

-- --------------------------------------------------------

--
-- 資料表結構 `song_cat`
--

DROP TABLE IF EXISTS `song_cat`;
CREATE TABLE IF NOT EXISTS `song_cat` (
  `s_id` int NOT NULL,
  `mcat_id` int NOT NULL,
  PRIMARY KEY (`s_id`,`mcat_id`),
  KEY `mcat_id` (`mcat_id`)
) ENGINE=InnoDB DEFAULT CHARSET=utf8mb4 COLLATE=utf8mb4_0900_ai_ci;

-- --------------------------------------------------------

--
-- 資料表結構 `song_list`
--

DROP TABLE IF EXISTS `song_list`;
CREATE TABLE IF NOT EXISTS `song_list` (
  `sl_id` int NOT NULL AUTO_INCREMENT,
  `mem_id` int NOT NULL,
  `sl_name` varchar(15) DEFAULT NULL,
  `public` tinyint(1) DEFAULT NULL,
  `fol_num` int DEFAULT NULL,
  `share_num` int DEFAULT NULL,
  `song_count` int DEFAULT NULL,
  `update_date` datetime DEFAULT CURRENT_TIMESTAMP,
  PRIMARY KEY (`sl_id`),
  KEY `mem_id` (`mem_id`)
) ENGINE=InnoDB AUTO_INCREMENT=12 DEFAULT CHARSET=utf8mb4 COLLATE=utf8mb4_0900_ai_ci COMMENT='歌單';

--
-- 傾印資料表的資料 `song_list`
--

INSERT INTO `song_list` (`sl_id`, `mem_id`, `sl_name`, `public`, `fol_num`, `share_num`, `song_count`, `update_date`) VALUES
(1, 1, '公開假日歌單', 1, 236, 45, 0, '2023-10-02 15:05:28'),
(2, 1, '讀書歌單', 0, 0, 0, 0, '2023-10-02 15:05:28'),
(3, 1, '嘻哈歌單', 1, 23, 12, 0, '2023-10-02 15:05:28'),
(4, 5, '療癒歌單', 1, 34, 24, 0, '2023-10-02 15:05:28'),
(5, 2, '聚會歌單', 1, 23, 23, 0, '2023-10-02 15:05:28'),
(6, 10, 'friday night歌單', 1, 23, 23, 0, '2023-10-02 15:21:25'),
(7, 7, 'date songlist', 1, 21, 2, 0, '2023-10-02 15:21:25'),
(8, 5, 'sad songlist', 1, 26, 12, 0, '2023-10-02 15:21:25'),
(9, 9, '夜晚療癒歌單', 1, 43, 23, 0, '2023-10-02 15:21:25'),
(10, 6, 'love songlist', 1, 34, 12, 0, '2023-10-02 15:21:25'),
(11, 9, '早晨歌單', 1, 23, 45, 0, '2023-10-02 15:21:25');

-- --------------------------------------------------------

--
-- 資料表結構 `s_rank`
--

DROP TABLE IF EXISTS `s_rank`;
CREATE TABLE IF NOT EXISTS `s_rank` (
  `rank_id` int NOT NULL,
  `s_id` int DEFAULT NULL,
  PRIMARY KEY (`rank_id`),
  KEY `s_id` (`s_id`)
) ENGINE=InnoDB DEFAULT CHARSET=utf8mb4 COLLATE=utf8mb4_0900_ai_ci COMMENT='歌曲排行榜';

--
-- 傾印資料表的資料 `s_rank`
--

INSERT INTO `s_rank` (`rank_id`, `s_id`) VALUES
(1, 2),
(5, 4),
(2, 5),
(6, 8),
(3, 9),
(10, 10),
(8, 17),
(9, 23),
(7, 24),
(4, 26);

--
-- 已傾印資料表的限制式
--

--
-- 資料表的限制式 `album`
--
ALTER TABLE `album`
  ADD CONSTRAINT `album_ibfk_1` FOREIGN KEY (`mem_id`) REFERENCES `member` (`mem_id`) ON DELETE RESTRICT ON UPDATE CASCADE;

--
-- 資料表的限制式 `alb_rank`
--
ALTER TABLE `alb_rank`
  ADD CONSTRAINT `alb_fk_1` FOREIGN KEY (`alb_id`) REFERENCES `album` (`alb_id`) ON DELETE SET NULL ON UPDATE CASCADE;

--
-- 資料表的限制式 `cre_fol`
--
ALTER TABLE `cre_fol`
  ADD CONSTRAINT `cre_fol_ibfk_1` FOREIGN KEY (`cre_id`) REFERENCES `member` (`mem_id`) ON DELETE CASCADE ON UPDATE CASCADE,
  ADD CONSTRAINT `cre_fol_ibfk_2` FOREIGN KEY (`mem_id`) REFERENCES `member` (`mem_id`) ON DELETE CASCADE ON UPDATE CASCADE;

--
-- 資料表的限制式 `fav`
--
ALTER TABLE `fav`
  ADD CONSTRAINT `fav_ibfk_1` FOREIGN KEY (`mem_id`) REFERENCES `member` (`mem_id`) ON DELETE CASCADE ON UPDATE CASCADE,
  ADD CONSTRAINT `fav_ibfk_2` FOREIGN KEY (`s_id`) REFERENCES `song` (`s_id`) ON DELETE CASCADE ON UPDATE CASCADE;

--
-- 資料表的限制式 `msg`
--
ALTER TABLE `msg`
  ADD CONSTRAINT `msg_ibfk_1` FOREIGN KEY (`mem_id`) REFERENCES `member` (`mem_id`) ON DELETE SET NULL ON UPDATE CASCADE,
  ADD CONSTRAINT `msg_ibfk_2` FOREIGN KEY (`s_id`) REFERENCES `song` (`s_id`) ON DELETE SET NULL ON UPDATE CASCADE;

--
-- 資料表的限制式 `msg_rep`
--
ALTER TABLE `msg_rep`
  ADD CONSTRAINT `msg_rep_ibfk_1` FOREIGN KEY (`mem_id`) REFERENCES `member` (`mem_id`) ON DELETE SET NULL ON UPDATE CASCADE,
  ADD CONSTRAINT `msg_rep_ibfk_2` FOREIGN KEY (`msg_id`) REFERENCES `msg` (`msg_id`) ON DELETE CASCADE ON UPDATE CASCADE;

--
-- 資料表的限制式 `news_fo`
--
ALTER TABLE `news_fo`
  ADD CONSTRAINT `news_fo_ibfk_1` FOREIGN KEY (`news_id`) REFERENCES `member` (`mem_id`) ON DELETE CASCADE ON UPDATE CASCADE,
  ADD CONSTRAINT `news_fo_ibfk_2` FOREIGN KEY (`news_id`) REFERENCES `news` (`news_id`) ON DELETE CASCADE ON UPDATE CASCADE;

--
-- 資料表的限制式 `orders`
--
ALTER TABLE `orders`
  ADD CONSTRAINT `orders_ibfk_1` FOREIGN KEY (`mem_id`) REFERENCES `member` (`mem_id`) ON DELETE CASCADE ON UPDATE CASCADE;

--
-- 資料表的限制式 `orders_item`
--
ALTER TABLE `orders_item`
  ADD CONSTRAINT `orders_item_ibfk_1` FOREIGN KEY (`ord_id`) REFERENCES `orders` (`ord_id`) ON DELETE CASCADE ON UPDATE CASCADE,
  ADD CONSTRAINT `orders_item_ibfk_2` FOREIGN KEY (`prod_id`) REFERENCES `product` (`prod_id`) ON UPDATE CASCADE;

--
-- 資料表的限制式 `product`
--
ALTER TABLE `product`
  ADD CONSTRAINT `product_ibfk_1` FOREIGN KEY (`type_id`) REFERENCES `prod_type` (`type_id`) ON DELETE RESTRICT ON UPDATE CASCADE;

--
-- 資料表的限制式 `slitem`
--
ALTER TABLE `slitem`
  ADD CONSTRAINT `slitem_ibfk_1` FOREIGN KEY (`sl_id`) REFERENCES `song_list` (`sl_id`) ON DELETE CASCADE ON UPDATE CASCADE,
  ADD CONSTRAINT `slitem_ibfk_2` FOREIGN KEY (`s_id`) REFERENCES `song` (`s_id`) ON DELETE CASCADE ON UPDATE CASCADE;

--
-- 資料表的限制式 `sl_fol`
--
ALTER TABLE `sl_fol`
  ADD CONSTRAINT `sl_fol_ibfk_1` FOREIGN KEY (`mem_id`) REFERENCES `member` (`mem_id`) ON DELETE CASCADE ON UPDATE CASCADE,
  ADD CONSTRAINT `sl_fol_ibfk_2` FOREIGN KEY (`sl_id`) REFERENCES `song_list` (`sl_id`) ON DELETE CASCADE ON UPDATE CASCADE;

--
-- 資料表的限制式 `song`
--
ALTER TABLE `song`
  ADD CONSTRAINT `song_ibfk_1` FOREIGN KEY (`mem_id`) REFERENCES `member` (`mem_id`) ON DELETE RESTRICT ON UPDATE CASCADE,
  ADD CONSTRAINT `song_ibfk_2` FOREIGN KEY (`alb_id`) REFERENCES `album` (`alb_id`) ON DELETE SET NULL ON UPDATE CASCADE;

--
-- 資料表的限制式 `song_cat`
--
ALTER TABLE `song_cat`
  ADD CONSTRAINT `song_cat_ibfk_1` FOREIGN KEY (`mcat_id`) REFERENCES `music_cat` (`mcat_id`) ON DELETE CASCADE ON UPDATE CASCADE,
  ADD CONSTRAINT `song_cat_ibfk_2` FOREIGN KEY (`s_id`) REFERENCES `song` (`s_id`) ON DELETE CASCADE ON UPDATE CASCADE;

--
-- 資料表的限制式 `song_list`
--
ALTER TABLE `song_list`
  ADD CONSTRAINT `song_list_ibfk_1` FOREIGN KEY (`mem_id`) REFERENCES `member` (`mem_id`) ON DELETE RESTRICT ON UPDATE CASCADE;

--
-- 資料表的限制式 `s_rank`
--
ALTER TABLE `s_rank`
  ADD CONSTRAINT `s_rank_ibfk_1` FOREIGN KEY (`s_id`) REFERENCES `song` (`s_id`) ON DELETE SET NULL ON UPDATE CASCADE;
COMMIT;

/*!40101 SET CHARACTER_SET_CLIENT=@OLD_CHARACTER_SET_CLIENT */;
/*!40101 SET CHARACTER_SET_RESULTS=@OLD_CHARACTER_SET_RESULTS */;
/*!40101 SET COLLATION_CONNECTION=@OLD_COLLATION_CONNECTION */;
